Time,Url,Question,Answer,點閱數,資料更新,資料檢視,資料維護
2024-01-11 15:40:31,https://docms.gov.taipei/News_Content.aspx?n=03317D8229965B64&sms=87415A8B9CE81B16&s=4C4AD79E7109727D,●國軍義務役軍官士官士兵調返戶籍地服役申請作業為何?, 一、申請條件：（一）凡屬直轄市、縣（市）政府依社會救助法核列為低收入戶或中低收入戶，或由役政機關核列為生活扶助戶徵屬之現役官、士、兵。（二）兄弟二人（含以上）先、後入營，已入營者不論為官、士、兵或一般替代役人員未在戶籍地服役（不限軍種或役別），得由一人提出調返戶籍地服役申請，惟其剩餘役期必須在半年（含）以上。（三）父母、兄弟姊妹於服役期間「因公死亡」之在營官、士、兵（以一人申請為限）。（四）常備兵因家庭變故申請提前退伍，不合常備兵補充兵服役規則第十五條及第十六條規定者，或符合常備兵補充兵服役規則第十五條及第十六條規定，未申請提前退伍者。二、由當事人向服役單位提出申請。如有任何疑問，請洽兵役局權益編管科，聯絡人：陳怡如，聯絡電話：23654361分機310，臺北市民當家熱線：1999。 ,6615.0,112-10-13 11:00,112-10-23 08:25,臺北市政府兵役局
2024-01-11 15:40:31,https://docms.gov.taipei/News_Content.aspx?n=03317D8229965B64&sms=87415A8B9CE81B16&s=29EA40A36AC1E85D,●替代役徵集：「常備役體位役男申請服替代役期為何？」,  ,9276.0,112-03-03 14:46,112-10-23 08:25,臺北市政府兵役局
2024-01-11 15:40:31,https://docms.gov.taipei/News_Content.aspx?n=03317D8229965B64&sms=87415A8B9CE81B16&s=099C0198D9512292,●有關役男出境期限屆滿，因受新冠肺炎影響，延期返國因應措施調整案。, Q：有關役男出境期限屆滿，因受新冠肺炎影響，延期返國因應措施調整案。A：目前世界各國均因新冠肺炎疫情趨緩逐步鬆綁邊境及境內管制，國際航班亦多已恢復通航。又內政部前揭函示之因應新冠肺炎疫情措施，自實施迄今已逾2年。經檢視現在疫情影響役男出境行程已屬其所能預見，已能預為規劃其出境行程，前揭疫情因應措施應予調整。為讓已出境役男妥適安排其返國行程，調整如下：（一）111年8月31日以前出境尚未返國者，出境或延期返國期限於111年10月31日以前屆滿，以因受新冠肺炎疫情影響為由，申請延期返國者，最長得核准其延長返國至111年10月31日止。並應同時告知該員返國期程受疫情影響已屬其所能預見，應妥適規劃返國期程，本次延期期限屆滿，將無法再以因受新冠肺炎疫情影響為由，申請延期返國。（二）111年8月31日以前出境尚未返國者，出境或延期返國期限於111年11月1日以後屆滿者，因疫情影響其行程已非屬其無法預測之事故，以因受新冠肺炎疫情影響為由，申請延期返國者，應不予核准。（三）曾以因受新冠肺炎疫情影響為由，申請延期返國經核准者，返國後再次出境，因疫情影響其行程已非屬其無法預測之事故，再以因受新冠肺炎疫情影響為由，申請延期返國者，應不予核准。（四）111年9月1日以後出境者，因疫情影響其行程已非屬其無法預測之事故，以因受新冠肺炎疫情影響為由，申請延期返國者，應不予核准。（五）役男出境期限屆滿，如確因重病、意外災難或其他不可抗力之特殊事故（如染疫無法登機返國），得依本辦法第8條第1項規定檢附相關證明申請延期返國。如有任何疑問，請洽兵調體檢科，聯絡人：洪淑瑛，聯絡電話：23654361分機112，臺北市民當家熱線：1999。 ,581.0,112-12-28 17:05,112-12-28 17:05,臺北市政府兵役局
2024-01-11 15:40:31,https://docms.gov.taipei/News_Content.aspx?n=03317D8229965B64&sms=87415A8B9CE81B16&s=DE06D9FB6C0F41E6,●新冠肺炎疫情期間僑民役男在臺計算居住時間是否有因應措施?, Q：新冠肺炎疫情期間僑民役男在臺計算居住時間是否有因應措施？A：鑑於目前世界各國均因疫情趨緩逐步鬆綁邊境及境內管制，國際航班亦多已恢復通航，爰依內政部規定，自109年3月11日起至111年6月30日，免予計算僑民役男在臺居住時間之因應措施延長至111年8月31日。延長期限屆滿（111年9月1日）後，僑民役男在臺居住期間之計算，依歸化我國國籍者及歸國僑民服役辦法規定辦理。嚴重特殊傳染性肺炎防疫專區相關聯結(內政部役政司嚴重特殊傳染性肺炎防疫役政專區) ,2352.0,112-10-25 11:06,112-10-25 11:06,臺北市政府兵役局
2024-01-11 15:40:31,https://docms.gov.taipei/News_Content.aspx?n=03317D8229965B64&sms=87415A8B9CE81B16&s=3A943DD27F577F6A,●兵役體檢：「役男或家屬不便至健保署補發重大傷病核定審查通知書時，還有其他申請方式可解決兵役問題嗎？」, 可利用以下2種申請方式：一、役男自行上網申請：可至衛生福利部中央健康保險署個人健保資料網路服務作業網站（網址：https://eservice.nhi.gov.tw/Personal1/System/mLogin.aspx），以自然人憑證或健保卡登入，即可申請及下載重大傷病證明核定通知函。詳細說明請參考該署網站。 二、役政單位代為申請：役男（或家屬）可至戶籍地區公所兵役課，填寫「全民健康保險重大傷病證明核定通知函列印申請書」、「全民健康保險保險對象重大傷病查詢同意書」及「全民健康保險資料利用安全聲明」等資料後，由區公所層轉兵役局，代向衛生福利部中央健康保險署臺北業務組申請役男之全民健康保險重大傷病證明核定函，來協助役男兵役體位判定。如有任何疑問，請電洽兵調體檢科:2365-4361分機122，聯絡人:林宛珊，臺北市民當家熱線:1999。 ,1528.0,112-09-05 15:21,112-10-23 08:25,臺北市政府兵役局
2024-01-11 15:40:32,https://docms.gov.taipei/News_Content.aspx?n=03317D8229965B64&sms=87415A8B9CE81B16&s=B61CBAD64BD9531F,●國防部111年起教育召集Q&A, 依兵役法、兵役法施行法及召集規則規定，後備軍人教育召集事務係屬國防部權責，教育召集令由各直轄市、縣（市）後備指揮部下達，有關實務作業等相關問題，請搜尋國防部全民防衛動員署後備指揮部網站查詢(連結https://afrc.mnd.gov.tw/AFRCWeb/)，或電洽後備指揮部免付費服務專線：0800-202-125（自動轉接當地直轄市、縣（市）後備指揮部）、臺北市後備指揮部聯絡電話：2311-1501、2632-3842、2311-2768詢問。兵役局後備軍人業務承辦人：許玉鈴，聯絡電話：2365-4361分機312，或撥臺北市民當家熱線1999轉接。 ,1302.0,112-08-02 10:10,112-10-23 08:25,臺北市政府兵役局
2024-01-11 15:40:32,https://docms.gov.taipei/News_Content.aspx?n=03317D8229965B64&sms=87415A8B9CE81B16&s=4D45C93AAEC82EF6,●兵員徵集：「應屆畢業役男如何申請優先入營或延緩入營？」, 一、常備兵入營順序係依據「徵兵規則」第 5 條規定，以出生年次之 先後，與其役別、軍種主要兵科及抽籤號次徵集之，並由戶役政 資訊系統依前揭規定自動選員辦理。二、112 年為配合國軍新兵訓練容量，並利役男生涯規劃，內政部役政司規劃辦理「112 年應屆畢業役男入營時程申請措施」，請應屆畢 業須服常備兵役軍事訓練役男按個人生涯規劃，於申請期限內登 入內政部役政司全球資訊網站(https://www.nca.gov.tw)/首頁/ 主題單元/「役男入營時程申請系統」提出申請，網路申請期如下:  (一)第一時段:優先入營　　網路申請期間:112年5月16日上午10時起至112年6月15日下午5時止。  (二)第二時段:未申請優先或延緩入營 　　「優先入營」役男徵集完畢後，即接續徵集。   (三)第三 時段 :延緩入營  　1.網路申請期間:112年7月3日上午10時起至112年12月29日下午5時止。 　 2.第一時段「優先入營」及第二時段「未申請優先或延緩入營」役男徵集完畢後，即接續徵集。三、實際入營月份會因各時段申請人數多寡及軍種兵科訓練流路不同 而定。戶籍地鄉（鎮、市、區）公所將依「優先入營」、「未申請 優先或延緩入營」及「延緩入營」時段依序徵集，且每一時段仍將按役男出生年次（83、84…………93）、抽籤日期及軍種兵科籤號先後順序分批安排役男於1年內入營服役。以上如有任何疑問，請電洽徵集勤務科:2365-4361 分機 212，聯絡人: 熊光凱，臺北市民當家熱線:1999。 ,23225.0,112-10-19 10:52,112-10-23 08:25,臺北市政府兵役局
2024-01-11 15:40:32,https://docms.gov.taipei/News_Content.aspx?n=03317D8229965B64&sms=87415A8B9CE81B16&s=0CB5B54E4D0F4B0F,●替代役申請：「如何申請替代役？」, 1.申請一般替代役： （1）宗教因素申請服替代役：因信仰宗教達2年以上，且其心理狀態已不適服常備兵役者，於徵集入營前逕向戶籍地區公所申請。 （2）家庭因素申請服替代役： 　　因家庭因素申請服替代役，指役男之家庭狀況合於下列情形之一者： 　　一、役男家屬均屬六十歲以上、未滿十八歲。 　　二、役男育有子女或配偶懷孕。 　　三、役男家屬患有身心障礙或重大傷病。 　　四、役男父母、配偶或兄弟姊妹服兵役期間，因死亡或身心障礙，有撫卹事實。 　　五、符合服兵役役男家屬生活扶助實施辦法所定之生活扶助等級。  2.申請研發替代役： 尚未履行兵役義務(含82年次以前及83年次以後出生)役男，經徵兵檢查為常備役體位或82年次以前出生替代役體位，並具備國內或符合教育部採認規定之國外大學校院碩士以上學歷之役齡男子，每年依內政部年度研發替代役役男報名暨用人單位甄選作業實施計畫，於報名期間至內政部役政署「研發及產業訓儲替代役資訊管理系統」進行帳號申請、登錄報名資料、上傳證明文件電子檔並線上送出後，完成報名作業。  如有任何疑問，請洽徵集勤務科，聯絡人：黃振紋，聯絡電話：23654361分機220，臺北市民當家熱線：1999。  ,47936.0,109-03-25 17:21,112-10-23 08:25,臺北市政府兵役局
2024-01-11 15:40:32,https://docms.gov.taipei/News_Content.aspx?n=03317D8229965B64&sms=87415A8B9CE81B16&s=75E9BF7EB123EC73,●服役役男權益：「役男入營服役後如家屬生活不能維持，市府有何種補助與救濟？」, 一、依「服兵役役男家屬生活扶助實施辦法」核列生活扶助戶之家屬可享有： 　（一）一次安家費。 　（二）三節（春節、端節、秋節）生活扶助金。(82年次以前役男、94年次以後、研發及產業訓儲替代役役男) 　（三）生育補助金：役男之配偶生育者。 　（四）喪葬補助金：役男之家屬死亡者。 　（五）急難慰助金：役男之家屬遭遇天災、人禍，致生活發生困難者。二、另依「臺北市服兵役役男家屬及遺屬特別補助自治條例」規定，核列扶助等級之役男家屬或原經核定扶助有案之遺屬，有下列情形之一者，每戶得申請特別補助： 　（一）全家均無謀生能力。 　（二）因重傷病無法謀生或家庭發生事故，致家庭生活陷入困境者。 　（三）因天災或其他不可抗力之事件造成損害者。 　（四）役男本人陣亡、公殞、病故、意外死亡或身心障礙者。 　（五）就讀教育主管機關立案之高級中學以上學校者。三、經核列生活扶助戶甲級者，健保費及醫療費（含掛號費、部分負擔、住院伙食費）由政府補助；核列乙、丙級者，健保費由被保險人自行負擔，醫療費（含掛號費、部分負擔、住院伙食費）由政府補助。如有任何疑問，請洽兵役局權益編管科，聯絡人：江亞憓，聯絡電話：23654361分機322，臺北市民當家熱線：1999。 ,3660.0,113-01-02 16:41,113-01-02 16:41,臺北市政府兵役局
2024-01-11 15:40:32,https://docms.gov.taipei/News_Content.aspx?n=03317D8229965B64&sms=87415A8B9CE81B16&s=3287A3B420F3A36B,●全民健保：「入營服役後役男之（全民健康保險）如何辦理？費用如何負擔？」, 一、義務役常備官、士、兵及替代役役男自90年2月1日起已納入全民健康保險保險對象範圍，入營後，健保費用分由國防部、內政部編列預算於役男入伍當月開始負擔；服役最後1日非當月最後1日者，退伍(役)、結訓當月健保費由役男自行負擔。役男入營前配合事項如下： 　（一）應徵入營者，應於入營前持徵集令影本向原投保單位辦理健保「轉出」（轉出日期為入營前1日），原健保卡不必繳回繼續使用；入營後，由收訓單位統一辦理健保「轉入」。 　（二）入營前，若尚未加入全民健康保險或有中斷投保者，請儘速至戶籍地區公所健保單位補辦投保及轉出手續。 二、退伍（役）、結訓後，自行於任職單位或區公所辦理全民健保「轉入」手續(轉入日期為退伍（役）、結訓當日；退伍（役）、結訓一年內無工作者亦可以眷屬身分轉入配偶或父母任職單位)。 三、徵服補充兵役者，因係短期服役（12天），無須辦理「轉出」手續，保費自行負擔。如有任何疑問，請洽兵役局權益編管科，聯絡人：江亞憓，聯絡電話：23654361分機322，臺北市民當家熱線：1999。 ,80793.0,112-10-05 11:27,112-10-23 08:26,臺北市政府兵役局
2024-01-11 15:40:33,https://docms.gov.taipei/News_Content.aspx?n=03317D8229965B64&sms=87415A8B9CE81B16&s=624555C565540798,●服役役男權益：「當役男服役時合法權益受到損害，或個人受到不當處分或冤屈不平事件及官兵家屬應享受優待受到侵害時，如何申訴？」, 當役男服役時合法權益受到損害，或個人受到不當處分或冤屈不平事件及官兵家屬應享受優待受到侵害時，可致電本府臺北市民當家熱線1999或兵役局23654361轉310、兵役局役男緊急事件處理專線02-23689321。另軍方相關單位電話如下：國防部：1985或02-23616600、臺北市軍人服務站02-22711066。  如有任何疑問，請洽兵役局權益編管科，聯絡人：陳怡如，聯絡電話：23654361分機310，臺北市民當家熱線：1999。 ,3522.0,111-10-03 15:29,112-10-23 08:28,臺北市政府兵役局
2024-01-11 15:40:33,https://docms.gov.taipei/News_Content.aspx?n=03317D8229965B64&sms=87415A8B9CE81B16&s=550E3E9735827F6B,●服役役男權益：「役男如受不當管教時，除可向國防部1985專線申訴外，市府有哪些申訴管道？」, 凡本市服役役男，如遇軍中不當管教等案件，申訴人可提供相關人（如不便提供個資亦可）、事、時、地等資料撥打1999市民當家熱線或本局役男緊急事件處理專線（02）23689321或向台北市軍人服務站（02）22711066楊幹事及兵役協會（02）27296373等單位求助。 如有任何疑問，請洽兵役局權益編管科，聯絡人：陳怡如，聯絡電話：23654361分機310，臺北市民當家熱線：1999。 ,2296.0,111-10-03 15:26,112-10-23 08:28,臺北市政府兵役局
2024-01-11 15:40:33,https://docms.gov.taipei/News_Content.aspx?n=03317D8229965B64&sms=87415A8B9CE81B16&s=7A3D5B740E5E4FB7,●兵役體檢：「什麼時候會接到徵兵檢查通知?在哪家醫院檢查？」, 徵兵檢查辦理時間是在大專應屆畢業之年的前8個月開始排檢，但未在學或無升學意願的19歲徵兵及齡役男，則是在完成兵籍調查申報登記之後，即接續通知辦理體檢。目前辦理徵兵檢查的醫院為內政部會商衛生福利部指定的檢查醫院，臺北市共有市立聯合醫院忠孝、仁愛、和平、中興、陽明等5家院區及三軍總醫院松山分院、市立萬芳醫院等2家醫院。 如有任何疑問，請洽兵調體檢科，聯絡人：李坤育，聯絡電話：23654361分機123，臺北市民當家熱線：1999。        ,39977.0,111-06-30 10:10,112-10-23 08:25,臺北市政府兵役局
2024-01-11 15:40:33,https://docms.gov.taipei/News_Content.aspx?n=03317D8229965B64&sms=87415A8B9CE81B16&s=F8A94DDCCCB28F09,●生活扶助就業轉介：「如何協助役男家屬就業？」, 役男家屬具有工作能力而未就業者，得向區公所申請，送當地公營職業訓練機構或國民就業輔導單位協助就業。 如有任何疑問，請洽兵役局權益編管科，聯絡人：江亞憓，聯絡電話：23654361分機322，臺北市民當家熱線：1999。 ,1896.0,111-06-14 16:18,112-10-23 08:26,臺北市政府兵役局
2024-01-11 15:40:33,https://docms.gov.taipei/News_Content.aspx?n=03317D8229965B64&sms=87415A8B9CE81B16&s=496635FD6F2A8FCE,●服役役男權益：「什麼情形才符合申請服兵役役男家屬生活扶助？條件及如何申請？」, 一、適用對象 （一）服兵役役男，係指在營（勤）義務役役男（常備役、軍事訓練或替代役），不含志願役及服補充兵役男。 （二）扶助對象，係指役男家屬。 （三）家屬範圍： 　　1、直系血親及配偶。　 　　2、兄弟姊妹。但有配偶或子女者，以與役男同居共營生活者為限。 　　 　　3、於役男入營前一年持續為同一戶籍或同址分戶，且同居共營生活之三親等內之血親、姻親及民法一千一百十四條第四款之親屬。 　　 　　4、歸化我國國籍、歸國僑民及大陸地區、香港、澳門來臺役男之家屬，以其在臺灣地區設籍為準。 二、役男家屬不能維持生活者，指家庭總收入分配家屬人數，每人每月未達內政部或直轄市政府所公布當年最低生活費，且家庭財產未逾一定金額者。符合資格者，得檢具現職薪資證明(或在職證明)，自述無工作者需檢附勞投保資料表明細、全戶最近1年各類所得清單及財產總歸戶資料清單、罹患3個月內無法痊癒之重傷病致無法工作證明、在學證明或學生證、遇有特殊情形之相關證明文件(如:離職證明、入監證明、失蹤證明等)、家屬其中一人郵局存摺及相關證明文件，逕向戶籍地區公所兵役課申辦。  如有任何疑問，請洽兵役局權益編管科，聯絡人：江亞憓，聯絡電話：23654361分機322，臺北市民當家熱線：1999。 ,3549.0,111-06-14 16:11,112-10-23 08:26,臺北市政府兵役局
2024-01-11 15:40:33,https://docms.gov.taipei/News_Content.aspx?n=03317D8229965B64&sms=87415A8B9CE81B16&s=574A8193A82D6096,●兵役體檢：「已經完成徵兵檢查役男，何時會收到體格檢查表？」, 除了還須再安排進一步專科檢查之案件外，檢查醫院會於役男完成徵兵檢查後2週內將檢查結果送回戶籍地直轄市、縣（市）政府召開徵兵檢查會判定體位，完成體位判等後，戶籍地直轄市、縣（市）政府即隨將體格檢查表函送鄉（鎮、市、區）公所派員送達役男或其家屬簽收，整體作業流程約計1至1個半月左右。 如有任何疑問，請洽兵調體檢科，聯絡人：李坤育，聯絡電話：23654361分機123，臺北市民當家熱線：1999。 ,129604.0,111-06-02 16:12,112-10-23 08:26,臺北市政府兵役局
2024-01-11 15:40:34,https://docms.gov.taipei/News_Content.aspx?n=03317D8229965B64&sms=87415A8B9CE81B16&s=3D59E9D9C2F114AD,●兵役體檢：「役男體檢項目為何？」, 役男體檢項目，包括身高、體重、血壓、脈搏等身體內外科及牙科、耳鼻喉科、眼科、精神科、胸部ｘ光、梅毒、愛滋病、血紅素、尿液、肝功能及心電圖檢查等38個項目。 如有任何疑問，請洽兵調體檢科，聯絡人：李坤育，聯絡電話：23654361分機123，臺北市民當家熱線：1999。  ,43489.0,111-06-02 16:10,112-10-23 08:26,臺北市政府兵役局
2024-01-11 15:40:34,https://docms.gov.taipei/News_Content.aspx?n=03317D8229965B64&sms=87415A8B9CE81B16&s=E68E4CDB04C80600,●傷病補助：「役男入營後因（傷）病就醫時，就醫費用相關補助？」, 一、現役軍人至國軍醫院就醫時，掛號費及健保部分負擔，由國防部編列預算支應，至其他醫療院所就醫，則須自行負擔。 二、替代役役男傷病至全民健康保險醫事服務機構(含國軍醫院及非國軍醫院)憑健保卡及役男身分證就醫，役男應自付掛號費，健保部分負擔則由內政部(役政署) 編列預算支應。  如有任何疑問，請洽兵役局權益編管科，聯絡人：羅巧瑞，聯絡電話：23654361分機321，臺 北市民當家熱線：1999、國防部後備司令部留守業務處保險組02-27867350、內政部役政署權益組保險科0800-491022。 ,6232.0,109-03-23 16:47,112-10-23 08:26,臺北市政府兵役局
2024-01-11 15:40:34,https://docms.gov.taipei/News_Content.aspx?n=03317D8229965B64&sms=87415A8B9CE81B16&s=35AE3D9B75983830,●兵役體檢：「役男因故無法按排定日程參加徵兵檢查怎麼辦？」, 役男如因考試等故無法按排定日程參加徵兵檢查者，得洽戶籍地鄉（鎮、市、區）公所役政單位聯繫，另行安排其他檢查日期。 如有任何疑問，請洽兵調體檢科，聯絡人：李坤育，聯絡電話：23654361分機123，臺北市民當家熱線：1999。   ,37118.0,111-06-02 19:29,112-10-23 08:25,臺北市政府兵役局
2024-01-11 15:40:34,https://docms.gov.taipei/News_Content.aspx?n=03317D8229965B64&sms=87415A8B9CE81B16&s=9CD5D8EDF74782ED,●兵役體檢：申請複檢 -「徵兵檢查時未發現的病情或檢查後體位發生變化？應如何處理？」, 按身體健康情形本身最為明瞭，本市役男如患有傷病，而於徵兵檢查時未主動提出，致檢查醫師無法以目視、聽診或觸診等方式予以當場診斷或發覺者；或完成檢查後因受傷等故，致體位發生變化，不合常備役或替代役服役標準時，可依徵兵規則第14條規定，檢具醫療機構出具達改判體位標準之診斷證明書，向戶籍地區公所申請複檢，由公所轉報本府審核；不准予複檢者，則將另行敘明理由並通知役男：（一）公費複檢：填具申請書，經審核准予複檢者，即洽送指定之複檢醫院複檢；並由臺北市政府徵兵檢查會（以下簡稱本府徵兵檢查會）依複檢結果判定體位。（二）自費複檢：填具申請書，經審核准予複檢者，由役男至選定之複檢醫院複檢；並由複檢醫院將兵役用診斷證明書逕送本府徵兵檢查會，依複檢結果判定體位。役男經准予自費複檢後逾1個月仍未進入複檢程序者，依體位區分標準第6條規定維持原判定體位。如有任何疑問，請洽兵調體檢科，聯絡人：林孟儒、洪于茹，聯絡電話：23654361分機121、125，臺北市民當家熱線：1999。 ,62437.0,112-09-05 15:14,112-10-23 08:26,臺北市政府兵役局
2024-01-11 15:40:34,https://docms.gov.taipei/News_Content.aspx?n=03317D8229965B64&sms=87415A8B9CE81B16&s=C4513B190B8CC41B,●兵役體檢：身高體重重測 -「參加徵兵檢查後，身高體重發生變化，不符合常備役體位標準時，可否申請複檢？」, （一）依徵兵規則及體位區分標準相關規定，身高、體重2項入營前均以役男徵兵檢查時之實際測量為認定標準，除役男於接獲徵集令後，得依規定申請複檢外，其餘時間均不受理役男申請複檢。（二）本市於送達徵集令時，均併附「申請複檢說明通知單」及「身高體重體位區分標準表」供役男參考，若役男自行對照後，身體質量指數（BMI值）或身高達到改判體位標準，請檢具醫事機構開立達改判體位標準之「診斷證明書」向戶籍地區公所提出申請，並按通知單指定日期及地點參加身高體重重新測量（重測），重測結果將送請本府徵兵檢查會重新判定體位。如有任何疑問，請洽兵調體檢科，聯絡人：李坤育，聯絡電話：23654361分機123，臺北市民當家熱線：1999。 ,67210.0,112-07-14 12:08,112-10-23 08:26,臺北市政府兵役局
2024-01-11 15:40:35,https://docms.gov.taipei/News_Content.aspx?n=03317D8229965B64&sms=87415A8B9CE81B16&s=6EE8BB1177E299D5,●兵役體檢：體位判定 -「徵兵檢查時，對役男體位判定有幾種？」, 徵兵檢查之目的，在檢定役男身體健康狀況，判定體位等級，以確定其兵役義務。現行體位區分標準第2條規定，役齡男子經徵兵檢查後，其體位區分如下： （一）常備役體位。 （二）替代役體位。 （三）免役體位。 因手術或受傷等原因，尚須接受治療，判定「體位未定」者，依體位區分標準第5條規定，應於屆滿6個月或1年後再複檢1次，始予判定體位；核判免役體位者，免服兵役。 如有任何疑問，請洽兵調體檢科，聯絡人：李坤育，聯絡電話：23654361分機123，臺北市民當家熱線：1999。  ,55924.0,111-06-02 18:55,112-10-23 08:26,臺北市政府兵役局
2024-01-11 15:40:35,https://docms.gov.taipei/News_Content.aspx?n=03317D8229965B64&sms=87415A8B9CE81B16&s=4A2633608F8E0CFE,●兵役體檢：書面審查判等條件 -「已領有身心障礙手冊、證明或重大傷病證明役男可否不參加徵兵檢查，直接以書面資料核判體位？」, （一）依照現行規定，領有身心障礙手冊、證明或重大傷病證明符合身心障礙或重大傷病與體位區分標準免役體位判等對照表規定之役男，可由戶籍地鄉（鎮、市、區）公所檢附原鑑定資料，經直轄市、縣（市）政府徵兵檢查會「書面審查」後，送請中央役男體位審查會審議判定體位，亦即上述役男得免再赴檢查醫院體檢，以資便民並簡化作業。（二）至於未符前述對照表規定，而因身心障礙行動不便，無法到檢查醫院受檢之役男，也可以提出申請，由戶籍地直轄市、縣（市）政府徵兵檢查會會同體格檢查組及醫事人員赴其住（或醫療、院）所實施檢查，並依規定判定體位。  如有任何疑問，請洽兵調體檢科，聯絡人：林宛珊，聯絡電話：23654361分機122，臺北市民當家熱線：1999。 ,19597.0,112-09-05 15:19,112-10-23 08:28,臺北市政府兵役局
2024-01-11 15:40:35,https://docms.gov.taipei/News_Content.aspx?n=03317D8229965B64&sms=87415A8B9CE81B16&s=C13C4F8C2C9056A2,●國內就學緩徵：「在學役男如何申辦緩徵？最高可以緩徵至幾歲？於國外或大陸地區就讀可否辦理在學緩徵？」, （一）依據「免役禁役緩徵緩召實施辦法」的規定，就讀國內高級中等以上學校之學生得申辦緩徵，由就讀學校於註冊截止日起1個月內，造冊送戶籍地直轄市、縣﹙市﹚政府核定，而緩徵最高限齡是33歲，但就讀大專校院以下無修業年限之進修學校者，不得逾28歲。（二）依兵役法第35條規定，具備緩徵條件者，為國內「公立或已立案之私立高級中學及其同等以上學校在校之學生」，對於出境國外或大陸地區就學之學生，依法並不能適用在學緩徵之規定，請逕向移民署申請，聯絡電話：23883929。如有任何疑問，請洽兵調體檢科，聯絡人：洪淑瑛，聯絡電話：23654361分機112，臺北市民當家熱線：1999。 ,8087.0,112-12-28 17:09,112-12-28 17:09,臺北市政府兵役局
2024-01-11 15:40:35,https://docms.gov.taipei/News_Content.aspx?n=03317D8229965B64&sms=87415A8B9CE81B16&s=8017279ED2E2BCAB,●大陸就學：「役男出境大陸地區就學，如因入學許可尚未備妥，該如何處理出境事宜？出境後又應如何變更為出境就學身分，俾在大陸地區順利就學？」, (一)先依據「役男出境處理辦法」第4條第1項第7款規定，逕至臺北市政府兵役局網站(http://docms.gov.taipei/）線上申請出境，或至戶籍地區公所臨櫃辦理，經獲准後持憑印出之核准通知單及護照出境。  (二)待返回大陸地區就讀學校，取得符合大陸地區就學規定之在學證明(以臺商或臺商員工之子身分就學者，應附之證明文件請參閱此問答)，經大陸地區當地公證處公證後寄回臺灣親友，再由臺灣親友持往海基會再驗證1次。  (三)由在臺之成年親友檢附上述證明文件及代理人身分證、印章向戶籍地鄉(鎮、市、區)公所兵役單位申請「變更出境身分及事由」。  (四) 役男經核准後，請至內政部役政司網站（https://www.ris.gov.tw/military-abroadStudy/app/AbStudy/notice 首頁/主題單元/役男出境核准通知單查詢及列印系統）查詢及列印出境核准通知單，於核准出境期間持憑出境，免再臨櫃加蓋出境核准章戳。（核准期限內毋須再至內政部移民署服務站申辦再出境，另請勿再行申請短期出境）。  (五)申請變更出境身分及事由獲准後，始得回復大陸地區就學役男身分，繼續在大陸地區就讀並完成學業；若經申請後無法獲准，則須依規定返國履行兵役義務。如有任何疑問，請洽兵調體檢科，聯絡人：洪淑瑛，聯絡電話：23654361分機112，臺北市民當家熱線：1999。 ,1314.0,112-12-28 17:08,112-12-28 17:08,臺北市政府兵役局
2024-01-11 15:40:35,https://docms.gov.taipei/News_Content.aspx?n=03317D8229965B64&sms=87415A8B9CE81B16&s=79FF09589F3A32A5,●後備軍人複檢：「後備軍人體格發生變化，如何申請轉、免役複檢？」," 後備軍人因病或其他傷害造成體格變化時，可檢具下列文件向戶籍地區公所兵役課申請，轉送縣市後備指揮部辦理複檢作業(亦可逕送縣市後備指揮部)。一、公、私立醫療機構最近３個月內診斷書１份。二、退伍令影本。三、本人身分證正反影本。四、申請書。如有任何疑問，請洽兵役局權益編管科，聯絡人：許玉鈴，聯絡電話：23654361分機312，或撥臺北市民當家熱線1999轉接。 如需""求職服務""或""就業情報""，請直接洽詢臺北市就業服務處，服務專線：25972222。 ",3847.0,112-11-03 14:47,112-11-03 14:47,臺北市政府兵役局
2024-01-11 15:40:36,https://docms.gov.taipei/News_Content.aspx?n=03317D8229965B64&sms=87415A8B9CE81B16&s=5E14DB5A9122C3FA,●歸鄉報到：「依法退伍、停役離營軍人是否要辦理歸鄉報到？」," 自108年1月1日起，結訓、停訓離營之後備軍人(含補充兵)，不需再赴區公所辦理報到，以國防部與內政部間之資訊系統傳輸方式完成離營通報作業。如有任何疑問，請洽兵役局權益編管科，聯絡人：許玉鈴，聯絡電話：23654361分機312，或撥臺北市民當家熱線：1999轉接。如需""求職服務""或""就業情報""，請直接洽詢臺北市就業服務處，服務專線：25972222。 ",34036.0,112-08-02 10:17,112-10-23 08:28,臺北市政府兵役局
2024-01-11 15:40:36,https://docms.gov.taipei/News_Content.aspx?n=03317D8229965B64&sms=87415A8B9CE81B16&s=B2E8B4E414C19BDB,●退伍後：「您退伍後需要輔導就業或職訓嗎？」," 退伍後如需""求職服務""或""就業情報""，請直接洽詢臺北市就業服務處，服務專線：25972222。您可在歸鄉報到時，向區公所兵役課登記輔導就業與職訓，兵役課將為您推介媒合，亦可直接至臺北市就業服務處或各服務據點洽辦。如有任何疑問，請洽兵役局權益編管科，聯絡人：許玉鈴，聯絡電話：23654361分機312，或撥臺北市民當家熱線1999轉接。   ",2784.0,112-08-02 10:16,112-10-23 08:28,臺北市政府兵役局
2024-01-11 15:40:36,https://docms.gov.taipei/News_Content.aspx?n=03317D8229965B64&sms=87415A8B9CE81B16&s=244DB232B94A31C2,●因病停役：「入營後因病停役之規定如何？」," 常備兵及義務役預、士官入營後因病停役之規定：一、常備兵入營超過30天及義務役預官、預士任官授階後辦理因病停役必須符合「常備兵病傷殘廢停役檢定標準(義務役預、士官準用本標準)」。二、經指定之軍醫院檢定，診斷確定罹患足以危害團體健康及安全之疾病、傷病經鑑定不堪服役者，可檢附符合停役檢定標準之診斷證明書，向所服役部隊人事權責單位提出申請。三、因病停役人員在完成歸鄉報到後，同意申辦出境。體位未判定前，不實施點閱及教育召集。如有任何疑問，請洽兵役局權益編管科，聯絡人：許玉鈴，聯絡電話：23654361分機312，或撥臺北市民當家熱線1999轉接。如需""求職服務""或""就業情報""，請直接洽詢臺北市就業服務處，服務專線：25972222。  ",4746.0,112-08-02 10:14,112-10-23 08:28,臺北市政府兵役局
2024-01-11 15:40:36,https://docms.gov.taipei/News_Content.aspx?n=03317D8229965B64&sms=87415A8B9CE81B16&s=DEBAF8A834BC0081,●因病停役：「因病停役多久後才能得到判定結果？是否還須回役？停役期間可否出境？」," 一、因病停役名冊由各軍司令部函送縣市後備指揮部，經體位評審會每月評定後再將所判定之體位結果函送各區公所，其時程為3個月內。二、108年11月29日國防部修正「常備兵回役免予回役處理辦法」第6條：停役人員停役原因消滅，於軍事無妨礙時，得免予回役。判替代役體位者，另依「停役替代役役男免予回役規定」辦理。三、因病停役期間，以停役令即可出境。如有任何疑問，請洽兵役局權益編管科，聯絡人：許玉鈴，聯絡電話：23654361分機312，或撥臺北市民當家熱線1999轉接。如需""求職服務""或""就業情報""，請直接洽詢臺北市就業服務處，服務專線：25972222。 ",5618.0,112-08-02 10:13,112-10-23 08:28,臺北市政府兵役局
2024-01-11 15:40:36,https://docms.gov.taipei/News_Content.aspx?n=03317D8229965B64&sms=87415A8B9CE81B16&s=BCDB683A36F2047D,●軍人權益：「收到教育召集令如何請假？」, 一、後備軍人教育召集事屬國防部權責，教育召集令由各縣市後備指揮部下達，如無法接受教召訓練或相關疑義，請逕洽臺北市後備指揮部動員科。二、應召員於接到召集令後，符合兵役法第43條各款情形之一者，最遲於召集日前三日，填具免除本次召集申請書，並檢附有關證明文件，向直轄市、縣（市）後備指揮部及後備服務中心提出免除本次召集申請。(連結網站https://afrc.mnd.gov.tw/AFRCWeb/Content.aspx?MenuID=62&MP=2)。如有任何疑問，請電洽臺北市後備指揮部動員科2311-2768、2311-2596，或本局權益編管科，聯絡人：許玉鈴23654361分機312，臺北市民當家熱線：1999。 ,7107.0,112-08-02 10:12,112-10-23 08:28,臺北市政府兵役局
2024-01-11 15:40:37,https://docms.gov.taipei/News_Content.aspx?n=03317D8229965B64&sms=87415A8B9CE81B16&s=3EC7EC63081C576C,●獨子緩召：「後備軍人申請獨子緩召」在何時辦理？需符合那些條件？應檢附那些資料？」," 後備軍人申請獨子緩召，自每年4月1日至4月30日止，向戶籍地區公所辦理。一、申請條件：無兄弟姐妹，父或母年逾60歲或死亡。(父母俱亡者，不得申請）二、應檢附證件：本人及全部家屬現戶戶籍資料（含父母結婚記事全戶原始設籍資料;如有除戶、分戶、遷徙、死亡、婚嫁、收養、招贅、戶長變更情形，一律檢附戶籍資料）、退伍令，對申請人之身分認定若仍有疑義，得要求當事人補繳其他相關證明文件。三、臺北市市民緩召申請自109年4月1日起，可透過「人民申請案件網路ｅ櫃臺」線上申辦。如有任何疑問，請洽兵役局權益編管科，聯絡人：許玉鈴，聯絡電話：23654361分機312，或撥臺北市民當家熱線1999轉接。如需""求職服務""或""就業情報""，請直接洽詢臺北市就業服務處，服務專線：25972222。 ",7102.0,112-08-02 10:11,112-10-23 08:57,臺北市政府兵役局
2024-01-11 15:40:37,https://docms.gov.taipei/News_Content.aspx?n=03317D8229965B64&sms=87415A8B9CE81B16&s=8173F72D6F5CA5E4,●替代役管理：「替代役服役類別有哪些？」, 替代役服役類別依替代役實施條例第4條規定區分如下： 替代役之類別區分如下： 一、一般替代役： 　（一）警察役。 　（二）消防役。 　（三）社會役。 　（四）環保役。 　（五）醫療役。 　（六）教育服務役。 　（七）農業服務役。 　（八）原住民族部落役。 　（九）其他經行政院指定之役別。 二、研發替代役。 三、產業訓儲替代役。 替代役類別實施順序及人數，由主管機關擬訂，報請行政院核定。  如有任何疑問，請電洽替代役中心：23649747，承辦人:余文。或臺北市民當家熱線：1999。 ,4155.0,110-10-05 15:26,112-10-23 08:57,臺北市政府兵役局
2024-01-11 15:40:37,https://docms.gov.taipei/News_Content.aspx?n=03317D8229965B64&sms=87415A8B9CE81B16&s=C34959249E4756FA,●替代役管理：「替代役服役期間有哪些獎勵或懲處規定？」, 一、替代役役男著有功勳者，得依法授予勳章、頒給獎章外，在生活及勤務上之表現成績優異者，予以榮譽假、嘉獎、記功、獎金及獎狀。 二、替代役役男違反生活及勤務管理規定者，視情節輕重，予以罰勤、禁足、罰站、申誡、記過、罰薪或輔導教育，其中罰站僅限於訓練及輔導教育期間。 三、對於無故不就指定替代役職役，或擅離職役累計逾7日者，處2年以下有期徒刑、拘役或科或併科新台幣20萬元以下罰金（刑事罰）。 四、違抗監督長官之勤務命令者，處1年以下有期徒刑、拘役或科或併科新台幣10萬元以下罰金（刑事罰）。 如有任何疑問，請電洽替代役中心：23649747，承辦人:余文。或臺北市民當家熱線：1999。 ,3233.0,109-03-20 22:17,112-10-23 08:57,臺北市政府兵役局
2024-01-11 15:40:37,https://docms.gov.taipei/News_Content.aspx?n=03317D8229965B64&sms=87415A8B9CE81B16&s=C917DE4A858E863C,●役男出境：「役男有那些原因，不能申請出境？」, (一)依役男出境處理辦法第9條規定，役男有下列情形之一者，限制其出境： 　　1.已列入梯次徵集對象者。 　　2.經通知徵兵體檢處理者。（經完成徵兵體檢處理者，解除其限制） 　　3.歸國僑民，依歸化我國國籍者及歸國僑民服役辦法規定，依法應履行兵役義務者。 　　4.依兵役法及其他法規應管制出境者。(二)依役男出境處理辦法第14條規定：在臺原有戶籍兼有雙重國籍之役男，應持中華民國護照入境(註:僑民役男除外)，其持外國護照入境，依法仍應徵兵處理者，應限制出境至履行兵役義務時止。如有任何疑問，請洽兵調體檢科，聯絡人：洪淑瑛，聯絡電話：23654361分機112，臺北市民當家熱線：1999。 ,12848.0,112-12-28 17:10,112-12-28 17:10,臺北市政府兵役局
2024-01-11 15:40:37,https://docms.gov.taipei/News_Content.aspx?n=03317D8229965B64&sms=87415A8B9CE81B16&s=EC58275C4DF65EBC,●兵役體檢：體位區分標準 -「役男如何知道自身健康狀況的變化是否已達改判體位標準？」, 役男體位之區分係以「體位區分標準表」為判等依據，如想進一步了解各項次體位區分，可登入以下本府兵役局建置之「兵GO役男體位區分資訊網」查詢。   如有任何疑問，請洽兵調體檢科，聯絡人：李坤育，聯絡電話：23654361分機123，臺北市民當家熱線：1999。  ,151539.0,111-06-02 19:15,112-10-23 08:57,臺北市政府兵役局
2024-01-11 15:40:38,https://docms.gov.taipei/News_Content.aspx?n=03317D8229965B64&sms=87415A8B9CE81B16&s=0D1467FA3ADFDDA4,●兵籍調查：什麼是兵籍調查？開始申辦時間？如何辦理？, 1.兵籍調查是辦理役男徵兵處理的首要程序，主要目的是在建立役男個人及家屬基本資料、目前就學或升學意願、健康情形、民間專長以及聯絡方式等等，以作為將來辦理後續徵兵檢查、抽籤及徵集入營的依據。2.當年次役男(民國113年為94年次19歲役男，以此類推)統一辦理兵籍調查的時間是在役男屆18歲之年的10月(由戶籍地區公所寄發兵籍調查通知書)至19歲之年3月。辦理方式除可利用線上(系統開放時間約1個月，請多加利用)申報方式辦理外，亦可採用臨櫃、傳真、電子郵件、郵寄等方式。如有任何疑問，請洽兵調體檢科，聯絡人：賴識先，聯絡電話：23654361分機113，臺北市民當家熱線：1999。  ,25338.0,112-09-28 10:26,112-10-23 08:57,臺北市政府兵役局
2024-01-11 15:40:38,https://docms.gov.taipei/News_Content.aspx?n=03317D8229965B64&sms=87415A8B9CE81B16&s=2F20935D7E6D5D0A,●替代役徵集：「違反替代役徵集有何處罰？」, 「替代役實施條例」第55-1條規定意圖避免替代役之徵集，而有下列行為之一者，處5年以下有期徒刑： 1.捏造免役或緩徵原因者。 2.毀傷身體者，或以其他方法變更體位者。 3.緩徵原因消滅，無故逾45日未自動申報者。 4.拒絕接受徵集令者。 5.應受徵集，無故逾應徵期限5日者。 6.使人頂替本人應徵者。 7.頂替他人或介紹他人頂替應徵者。 8.未經核准而出境者。 9.核准出境後，屆期未歸經催告仍未返國者。 犯前項第6款使人頂替本人應徵罪，或第7款頂替他人或介紹他人頂替應徵罪在2次以上者，加重其刑至3分之2。  如有任何疑問，請電洽徵集勤務科：23654361分機211，聯絡人：吳佩蒨，臺北市民當家熱線：1999。 ,2988.0,109-03-23 15:43,112-10-23 08:57,臺北市政府兵役局
2024-01-11 15:40:38,https://docms.gov.taipei/News_Content.aspx?n=03317D8229965B64&sms=87415A8B9CE81B16&s=0D440667C582B535,●軍墓管理：「臺北市軍人公墓例假日是否開放祭拜？中午時間是否提供申請安厝業務？」, 園區開放祭拜時間：每日上午8時30分至下午4時30分，中午不休息。(逢天災經政府發布停止上班日除外)。 服務中心申請安厝業務時間：週一至週五上午8時30分至下午4時30分(例假日休息)，中午不休。 如有任何疑問，請洽兵役局權益編管科軍墓股，聯絡人：王明斌，聯絡電話：27851686分機15，臺北市民當家熱線：1999。 ,5148.0,112-10-24 17:37,112-10-24 17:37,臺北市政府兵役局
2024-01-11 15:40:38,https://docms.gov.taipei/News_Content.aspx?n=03317D8229965B64&sms=87415A8B9CE81B16&s=EB948E91098840DA,●軍墓管理：「臺北市軍人公墓是否有網站暨網路追思系統？」, 96年1月建置網路追思系統，網址https://servap1.docms.gov.taipei/tmsc/，提供不克前來祭拜親友，隨時隨地，在地球上的任一角落、透過漫漫網路追思往生親人。 如有任何疑問，請洽兵役局權益編管科軍墓股，聯絡人：王明斌，聯絡電話：27851686分機15，臺北市民當家熱線：1999。 ,3088.0,109-03-19 20:02,112-10-23 08:57,臺北市政府兵役局
2024-01-11 15:40:38,https://docms.gov.taipei/News_Content.aspx?n=03317D8229965B64&sms=87415A8B9CE81B16&s=A6B2C2DAFBF14FDB,●軍墓管理：「臺北市軍人公墓是否隸屬國防部？有任何祭拜儀式？」, 臺北市軍人公墓隸屬臺北市政府兵役局，每年春、秋二季（3月29日，9月3日）均舉行正式祭典；遇例假日則提前舉行。 如有任何疑問，請洽兵役局權益編管科軍墓股，聯絡人：王明斌，聯絡電話：27851686分機15，臺北市民當家熱線：1999。 ,2496.0,109-03-19 19:47,112-10-23 08:30,臺北市政府兵役局
2024-01-11 15:40:39,https://docms.gov.taipei/News_Content.aspx?n=03317D8229965B64&sms=87415A8B9CE81B16&s=831843914B162212,●軍墓管理：「臺北市市民是否可申請安厝臺北市軍人公墓？安厝是否收費？ 」, 依據臺北市軍人公墓安厝申請須知規定，安厝對象為亡故六十日內之現役軍人或榮民及其配偶，但配偶應為合法配偶，且以1人為限。申請後，須於一個月內持安厝通知單辦理，安厝軍人公墓完全免費。如有任何疑問，請洽兵役局權益編管科軍墓股，聯絡人：王明斌，聯絡電話：27851686分機15，臺北市民當家熱線：1999。 ,2914.0,109-03-19 19:43,112-10-23 08:57,臺北市政府兵役局
2024-01-11 15:40:39,https://docms.gov.taipei/https://www-ws.gov.taipei/Download.ashx?u=LzAwMS9VcGxvYWQvMzY1L3JlbGZpbGUvMzE4MjAvNzk5Njg4MS84OWFlNDgyOC1kN2M4LTQ4ZTUtOTMzYS02ZGY0ZTE5N2M0ODEucGRm&n=5bi45YKZ5YW15b256LuN5LqL6KiT57e05ZWP562ULnBkZg%3d%3d&icon=.pdf,●常備兵役軍事訓練Q&A,[],,109-03-19 19:43,112-10-23 08:57,臺北市政府兵役局
2024-01-11 15:40:39,https://docms.gov.taipei/News_Content.aspx?n=03317D8229965B64&sms=87415A8B9CE81B16&s=70EBC15529603548,●兵役體檢：「役男持有身心障礙或重大傷病證明者，是否一定是免役不用當兵？」, 不一定喔，須持效期內社政單位核發之身心障礙證明或健保署核發的重大傷病證明，經縣市政府徵兵檢查會依「身心障礙或重大傷病與體位區分標準免役體位判等對照表」來審查，符合者逕判免役體位，依檢查結果判定體位。 如有任何疑問，請電洽兵調體檢科:2365-4361分機122，聯絡人:林宛珊，臺北市民當家熱線:1999。 ,4717.0,112-09-05 15:44,112-10-23 08:30,臺北市政府兵役局
2024-01-11 15:40:39,https://docms.gov.taipei/News_Content.aspx?n=03317D8229965B64&sms=87415A8B9CE81B16&s=E90C4771923DC735,●兵役體檢：「役男持有身心障礙或重大傷病證明者，役政單位是否會主動勾稽身障情形並逕予判定免役體位?」, 役男如持有效期內身心障礙證明者，役政單位於役男19歲起會主動向社政單位勾稽比對役男身心障礙情形；或由役男檢具身心障礙或重大傷病證明，符合上揭免役體位判等對照表規定者，無需接受徵兵檢查，逕予判定免役體位；但如未符合對照項次者，將由戶籍地區公所安排徵兵檢查。 如有任何疑問，請電洽兵調體檢科:2365-4361分機122，聯絡人:林宛珊，臺北市民當家熱線:1999。 ,509.0,112-09-05 15:43,112-10-23 08:30,臺北市政府兵役局
2024-01-11 15:40:39,https://docms.gov.taipei/News_Content.aspx?n=03317D8229965B64&sms=87415A8B9CE81B16&s=172322534F5D6404,●兵役體檢：「持身心障礙證明或重大傷病役男經核定免役體位後，是否每年都還要複檢？」, 役男持有身心障礙或重大傷病證明，經縣市政府徵兵檢查會核定免役體位並送中央審議後，就不會再通知役男進行複檢。 如有任何疑問，請電洽兵調體檢科:2365-4361分機122，聯絡人:林宛珊，臺北市民當家熱線:1999。 ,750.0,112-09-05 15:26,112-10-23 08:30,臺北市政府兵役局
2024-01-11 15:40:39,https://docms.gov.taipei/News_Content.aspx?n=03317D8229965B64&sms=87415A8B9CE81B16&s=541418DAE0679157, ●兵役體檢：「18歲之男子，是否能提前徵兵檢查? 若其持有身心障礙或重大傷病證明者，是否能判定免役體位?」, 18歲男子者，雖非屬役男身分尚未有履行兵役之義務，仍可向戶籍地區公所申請提前徵兵處理。若持有身心障礙或重大傷病證明，可檢具相關證明主動向役政單位提出，如符合「身心障礙或重大傷病與體位區分標準免役體位判等對照表」規定者，無需接受徵兵檢查，逕予判定免役體位。 如有任何疑問，請電洽兵調體檢科:2365-4361分機122，聯絡人:林宛珊，臺北市民當家熱線:1999。 ,2515.0,112-09-05 15:25,112-10-23 08:30,臺北市政府兵役局
2024-01-11 15:40:40,https://docms.gov.taipei/News_Content.aspx?n=03317D8229965B64&sms=87415A8B9CE81B16&s=F8A4417BA732AB69,●兵役體檢：「若役男已完成體檢，核定常備役或替代役體位後，繼續升學期間，因病領有身心障礙證明或重大傷病證明時，該如何處理兵役問題?」, 役男領有身心障礙證明或重大傷病證明，可向戶籍地區公所申請複檢，經審核如符合「身心障礙或重大傷病與體位區分標準免役體位判等對照表」者，可用書面資料函送縣市政府，重新判定體位。但如不符合前述之對照表時，則排送複檢醫院檢查，並依複檢檢查結果來判定體位。 如有任何疑問，請電洽兵調體檢科:2365-4361分機122，聯絡人:林宛珊，臺北市民當家熱線:1999。 ,637.0,112-09-05 15:24,112-10-23 08:30,臺北市政府兵役局
2024-01-11 15:40:40,https://docms.gov.taipei/News_Content.aspx?n=03317D8229965B64&sms=87415A8B9CE81B16&s=B4AB9550B09780D2,●兵籍調查：什麼是「役男」？徵兵及齡是幾歲？還有「兵役年齡」究竟要怎麼計算？, 一、按兵役法令規定，凡是年齡屆19歲之年1月1日起到36歲之年12月31日止之男子，依法都應接受徵兵處理，稱為「役齡男子」，簡稱「役男」。  二、徵兵及齡男子，為年齡屆19歲之年1月1日起之男子，其計算方式係以國曆年度減去出生年次，其數目如為19，即已到達法定接受徵兵處理的兵役年齡，也就是徵兵及齡。  三、如以民國113年為例：民國113年－94年次＝19歲，因此，自113年1月1日起，94年次出生的役男，不論出生月日（註：在同一年度出生者，不論其出生月日，都屬相同兵役年齡。），其兵役年齡都是19歲，93年次出生的役男，其兵役年齡均為20歲，以此類推。如有任何疑問，請洽兵調體檢科，聯絡人：賴識先，聯絡電話：23654361分機113，臺北市民當家熱線：1999。 ,92563.0,112-09-28 10:27,112-10-23 08:50,臺北市政府兵役局
2024-01-11 15:40:40,https://docms.gov.taipei/News_Content.aspx?n=03317D8229965B64&sms=87415A8B9CE81B16&s=DE9233A881250D36,●兵籍調查：在學役男是否也要申報兵籍調查？, 是的！役男收到兵籍調查通知書後，不論是否在學、出境國外或就讀於軍警學校，都要依規定如期完成申報登記，尤其要提醒目前在國內就學中的役男，由於學校只是依規定於學生註冊後將在學名冊報送給市府核定緩徵，該名冊僅有就學資料而無兵籍調查其他各項所需申報的內容，所以請勿把兩者混淆。如有任何疑問，請洽兵調體檢科，聯絡人：賴識先，聯絡電話：23654361分機113，臺北市民當家熱線：1999。 ,5665.0,112-09-08 15:03,112-10-23 08:30,臺北市政府兵役局
2024-01-11 15:40:40,https://docms.gov.taipei/News_Content.aspx?n=03317D8229965B64&sms=87415A8B9CE81B16&s=5D5B51605003BF88,●兵籍調查：辦理兵籍調查時所申報之就學狀況對後續徵兵處理時程有何影響？, 依現行實務作業，役男所申報的就學狀況與升學意願情形，將影響後續徵兵處理時程的安排，所以請務必按現況詳實填報，以維護您的權益，茲彙整相關申報結果如附表，謹供參考。【兵籍調查申報狀況及後續徵兵處理程序表(PDF檔)】如有任何疑問，請洽兵調體檢科，聯絡人：賴識先，聯絡電話：23654361分機113，臺北市民當家熱線：1999。 ,4316.0,112-09-08 15:05,112-10-23 08:30,臺北市政府兵役局
2024-01-11 15:40:40,https://docms.gov.taipei/News_Content.aspx?n=03317D8229965B64&sms=87415A8B9CE81B16&s=2B10918504F53DCB,●僑民及海外來臺役男：「有關在臺初設戶籍登記暨曾設有戶籍之男子，於役齡期間皆應依法履行兵役義務。」, 一、按憲法第20條、兵役法第1條、第3條及第32條規定，凡具有中華民國國籍並曾在臺設有戶籍之男子，於年滿18歲之翌年1月1日起役，至屆滿36歲之年12月31日除役前，皆應依法履行兵役義務。復按歸化我國國籍者及歸國僑民服役辦法第2條規定：「歸化我國國籍之役齡男子，自初設戶籍登記之翌日起，屆滿1年時，依法辦理徵兵處理。」同辦法第3條第2項規定：「無戶籍國民具僑民身分之役齡男子，自返回國內初設戶籍登記之翌日起，屆滿1年時，依法辦理徵兵處理。」另徵兵規則第39條規定：「大陸地區、香港、澳門來臺之役男，自初設戶籍登記之翌日起，於屆滿1年後，應辦理徵兵處理。」  二、按前揭規定，凡無戶籍國民、歸化我國國籍者或大陸地區、香港、澳門來臺之男子，在臺初設戶籍者，於役齡期間皆應依法履行兵役義務。如有任何疑問，請洽兵調體檢科，聯絡人：蕭雅綺，聯絡電話：23654361分機111，臺北市民當家熱線：1999。  ,3735.0,112-09-08 15:06,112-10-23 08:50,臺北市政府兵役局
2024-01-11 15:40:41,https://docms.gov.taipei/News_Content.aspx?n=03317D8229965B64&sms=87415A8B9CE81B16&s=1AD67C5C81A19B1C,●大陸就學：「就讀我教育部所採認大陸地區大學校院正式學歷學校及科系之役男，返臺後應如何辦理再出境？向哪個機關申請？應填申請書表格式？處理時限？」, (一)應提憑在大陸修習學士、碩士或博士學位之在學證明(在學證明須經大陸公證處公證、臺灣海基會驗證)(二)向移民署各縣市服務站申請。(三)臨櫃填寫役男出國申請書。(四)上班時間內「隨到隨辦」。如有任何疑問，請洽兵調體檢科，聯絡人：洪淑瑛，聯絡電話：23654361分機112，臺北市民當家熱線：1999。 ,1026.0,113-01-02 16:26,113-01-02 16:26,臺北市政府兵役局
2024-01-11 15:40:41,https://docms.gov.taipei/News_Content.aspx?n=03317D8229965B64&sms=87415A8B9CE81B16&s=6BE5FF3BBDE76600,●國外就學：「開立在學證明應注意事項」, 一、在學證明內容應包括： (一)學生姓名英文拼音應與護照上姓名拼音相同。 (二)學生出生年月日。 (三)修習高中以上正式學歷課程內容。  二、我國男子役齡前出境不需申請核准年滿18歲當年12月31日以前出國，因未屆役齡，不需申請許可（以民國108年為例，90年以後出生者，108年12月31日前出國不受限制）。  三、在學證明應注意事項： （一）在學證明均需檢附入國之日起算前3個月內，經駐外館處驗證修習高中以上學歷學校(含語文學校)之在學證明正本，送由移民署各縣市服務站收繳(驗畢後退還正本，收繳影本)。 （二）經駐外館處驗證之在學證明正本，如非為入國之日起算三個月內開具、或108年4月29日前曾於移民署繳交經駐外館處驗證之在學證明者，需再檢附同一學校之下列文件之一(均不必再驗證): (１)上學期成績單或修課之學分證明。 (２)尚未逾繳費截止日期之繳費通知單。（指即將開學的那一學期）。 (３)逾繳費截止日期之當（下）學期（年）繳費通知單及匯款單。. (４)入國之日起算前三個月內由學校開立之在學證明。  四、在國外學歷承接階段期間（如：在國外高中畢業已取得下一學程之入學許可），仍須符合就學最高年齡，大學以下學歷者至二十四歲，研究所碩士班至二十七歲，博士班至三十歲。但大學學制超過四年者，每增加一年，得延長就學最高年齡一歲，畢業後接續就讀碩士班、博士班者，均得順延就學最高年齡，其順延博士班就讀最高年齡，以三十三歲為限。  五、移民署出境就學諮詢專線 有關役齡男子出境國外(或大陸地區）就學規定疑義，內政部移民署設有諮詢專線，電話為886-2-23883929；傳真號碼為886-2-23899036。出境就學役男，可先將在學證明等相關資料，利用時間先行傳真移民署，俟國內上班時間再以電話專線聯繫。倘告知符合規定後，再將文件送轄區我駐外館處驗證，以節省信件往返時間及減少返國後無法再出國的困擾。如有任何疑問，請洽兵調體檢科，聯絡人：洪淑瑛，聯絡電話：23654361分機112，臺北市民當家熱線：1999。 ,13286.0,113-01-02 16:25,113-01-02 16:25,臺北市政府兵役局
2024-01-11 15:40:41,https://docms.gov.taipei/News_Content.aspx?n=03317D8229965B64&sms=87415A8B9CE81B16&s=5204EC72673D8A02,●役男出境：「國內大學(含)以上在學役男，可否經由學校奉派或推薦以研究、進修、表演……等名義申請出境？如何申請？如果超過期限返國，會受到什麼樣的處罰？」, (一)國內在學役男因就讀學校奉派或推薦出國研究、進修、表演、比賽、訪問受訓或實習等原因申請出境者，最長1次不得超過1年；以研究、進修之原因申請出境者，學士、碩士或博士各學程以2次為限；其申請核准出境就學，依國內學士、碩士或博士學程分別為之，且返國期限截止日，不可以超過國內在學緩徵年限(即國內就讀學校畢業後即不可再奉派或推薦出國)。 (二) 以上情形由在學役男國內就讀之學校以公函造冊並檢附相關證明文件，向戶籍地直轄市、縣（市）政府提出申請，經核准後，請役男於核定出境日前1個月內至內政部役政署網站（https://www.ris.gov.tw/military-abroadStudy/app/AbStudy/notice 首頁/主題單元/役男出境核准通知單查詢及列印系統）查詢及列印出境核准通知單，於核准出境期間持憑入出境，免再臨櫃加蓋出境核准章戳。 (三)役男出境逾規定期限返國者，依規定「不予受理返國當年及次年出境之申請」。如有任何疑問，請洽兵調體檢科，聯絡人：洪淑瑛，聯絡電話：23654361分機112，臺北市民當家熱線：1999。 ,1317.0,113-01-02 16:24,113-01-02 16:24,臺北市政府兵役局
2024-01-11 15:40:41,https://docms.gov.taipei/News_Content.aspx?n=03317D8229965B64&sms=87415A8B9CE81B16&s=61C44C43F1465535,●役男出境：「除已履行兵役義務之役男外，已被核定免役、禁役，領有免役、禁役或補充兵證明書之役男，與一般役男申請出境，有何不同？」, 除已履行兵役義務之役男外，經核定免役、禁役，領有免役、禁役或補充兵證明書之役男，不受役男出境處理辦法的限制，出境時不需辦理核准手續。如有任何疑問，請洽兵調體檢科，聯絡人：洪淑瑛，聯絡電話：23654361分機112，臺北市民當家熱線：1999。 ,2719.0,113-01-02 16:23,113-01-02 16:23,臺北市政府兵役局
2024-01-11 15:40:41,https://docms.gov.taipei/News_Content.aspx?n=03317D8229965B64&sms=87415A8B9CE81B16&s=2DA34D496C73D341,●大陸就學：「役男出境處理辦法所稱之臺商(或臺商員工），該具備哪些要件？」, (一)父或母任職之公司須有我經濟部投資審查委員會核准赴大陸地區投資的證明(經濟部投審會核准函正本，驗畢歸還)。 (二)父或母如為臺商公司負責人或員工，除上述文件外，尚須附大陸臺商公司之任職證明(本項文件須經大陸公證處公證及臺灣之海基會驗證)。如有任何疑問，請洽兵調體檢科，聯絡人：洪淑瑛，聯絡電話：23654361分機112，臺北市民當家熱線：1999。 ,2190.0,113-01-02 16:22,113-01-02 16:22,臺北市政府兵役局
2024-01-11 15:40:42,https://docms.gov.taipei/News_Content.aspx?n=03317D8229965B64&sms=87415A8B9CE81B16&s=87306EF5B62FE7CE,●國外就學：「役齡前或19歲(含)以後出境國外就學役男，未諳法令規定，返國探親或度假，因未備妥經驗證之在學證明，無法向移民署辦理再出境，如何出國繼續就學？」, (一)先依據「役男出境處理辦法」第4條第1項第7款規定，逕至臺北市政府兵役局網站(http://docms.gov.taipei/）線上申請出境，或至戶籍地區公所臨櫃辦理，經獲准後持憑印出之核准通知單及護照出境。  (二)待返回國外就讀學校，取得該次返臺前已在國外學校就讀符合就讀學歷及年齡規定之「在學證明」，經我國駐外館處驗證後，儘速寄回臺灣。  (三)由在臺之成年親友檢附經驗證之在學證明(含中文譯本、可免驗證)、代理人身分證、印章等向戶籍地鄉(鎮、市、區)公所兵役單位申請「變更出境身分及事由」。  (四) 役男經核准後，請至內政部役政署網站（https://www.ris.gov.tw/military-abroadStudy/app/AbStudy/notice 首頁/主題單元/役男出境核准通知單查詢及列印系統）查詢及列印出境核准通知單，於核准出境期間持憑出境，免再臨櫃加蓋出境核准章戳。（核准期限內毋須再至內政部移民署服務站申辦再出境，另請勿再行申請短期出境）。  (五)申請變更出境身分及事由獲准後，始得回復國外就學身分，繼續在國外就讀並完成學業；若經申請後無法獲准，則須依規定返國履行兵役義務。如有任何疑問，請洽兵調體檢科，聯絡人：洪淑瑛，聯絡電話：23654361分機112，臺北市民當家熱線：1999。 ,4087.0,113-01-02 16:21,113-01-02 16:21,臺北市政府兵役局
2024-01-11 15:40:42,https://docms.gov.taipei/News_Content.aspx?n=03317D8229965B64&sms=87415A8B9CE81B16&s=4502DF4FD9E1FB52,●役男出境：「役男出國如果超過期限，會受到什麼樣的限制或處罰？」, (一)役男出境超過規定期限才返國者，依役男出境處理辦法第10條之規定不予受理其返國當年及次年出境之申請。 (二)役男經核准出境後，逾期未歸，經役政單位催告仍未返國，致未能接受徵兵處理者，應依妨害兵役治罪條例之有關規定，移送法辦。如有任何疑問，請洽兵調體檢科，聯絡人：洪淑瑛，聯絡電話：23654361分機112，臺北市民當家熱線：1999。 ,3906.0,113-01-02 16:20,113-01-02 16:20,臺北市政府兵役局
2024-01-11 15:40:42,https://docms.gov.taipei/News_Content.aspx?n=03317D8229965B64&sms=87415A8B9CE81B16&s=F3F32F38C35A312C,●役男出境：「國內大學(含)以上在學役男，可否出國修讀「雙聯學位」？如何申請？如果超過期限返國，會受到什麼樣的處罰？」, (一)國內大學在學役男修讀與國外大學合作授予學士、碩士或博士學位之課程申請出境者，最長1次不得超過2年；其申請核准出境就學，依國內學士、碩士或博士學程分別為之，且返國期限截止日，不可以超過國內在學緩徵年限(即國內就讀學校畢業後即不可再修讀雙聯學位)。 (二)以上情形由在學役男國內就讀之學校以公函造冊並檢附相關證明文件，向戶籍地直轄市、縣（市）政府提出申請，經核准後，請役男於核定出境日前1個月內至內政部役政署網站（https://www.ris.gov.tw/military-abroadStudy/app/AbStudy/notice首頁/主題單元/役男出境核准通知單查詢及列印系統）查詢及列印出境核准通知單，於核准出境期間持憑入出境，免再臨櫃加蓋出境核准章戳。 (三)役男出境逾規定期限返國者，依規定「不予受理返國當年及次年出境之申請」。如有任何疑問，請洽兵調體檢科，聯絡人：洪淑瑛，聯絡電話：23654361分機112，臺北市民當家熱線：1999。  ,1717.0,113-01-02 16:19,113-01-02 16:19,臺北市政府兵役局
2024-01-11 15:40:42,https://docms.gov.taipei/News_Content.aspx?n=03317D8229965B64&sms=87415A8B9CE81B16&s=90C79F8886AA8E15,●國外就學：「役男出境國外就學，如因入學許可尚未備妥，該如何處理出境事宜？順利出境後應如何處理兵役問題？」, (一)先依據「役男出境處理辦法」第4條第1項第7款規定，逕至臺北市政府兵役局網站（http://docms.gov.taipei/）線上申請出境，或至戶籍地區公所臨櫃辦理，經獲准後持憑印出之核准通知單及護照出境。  (二)待返回國外就讀學校，取得已在國外學校就讀且符合就讀學歷及年齡規定之「在學證明」，經我國駐外館處驗證後，儘速寄回臺灣。  (三)由在臺之成年親友檢附上述經驗證之在學證明(含中文譯本、可免驗證)、代理人身分證、印章等向戶籍地鄉（鎮、市、區）公所兵役單位申請「變更出境身分及事由」。  (四) 役男經核准後，請至內政部役政署網站（https://www.ris.gov.tw/military-abroadStudy/app/AbStudy/notice 首頁/主題單元/役男出境核准通知單查詢及列印系統）查詢及列印出境核准通知單，於核准出境期間持憑出境，免再臨櫃加蓋出境核准章戳。（核准期限內毋須再至內政部移民署服務站申辦再出境，另請勿再行申請短期出境）。  (五)申請變更出境身分及事由獲准後，始得回復國外就學身分，繼續在國外就讀並完成學業；若經申請後無法獲准，則須依規定返國履行兵役義務。如有任何疑問，請洽兵調體檢科，聯絡人：洪淑瑛，聯絡電話：23654361分機112，臺北市民當家熱線：1999。 ,1663.0,113-01-02 16:18,113-01-02 16:18,臺北市政府兵役局
2024-01-11 15:40:42,https://docms.gov.taipei/News_Content.aspx?n=03317D8229965B64&sms=87415A8B9CE81B16&s=4D1ED9EAB738E260,●大陸就學：「出境大陸地區就學役男返國探親或度假可停留多久？期限屆滿後可否延期？」, (一)返國期限每次不得逾3個月。(二)停留期限屆滿，須延期出境者，依下列規定向移民署各縣市服務站辦理，最長不得逾3個月：1.因重病、意外災難或其他不可抗力之特殊事故，檢附就醫醫院診斷證明書及相關證明，申請延期出國。2.因就讀學校尚在連續假期間(未開學)，應檢附經驗證之就讀學校所開具之假期期間證明，申請延期出國。3.在國內停留期間最長自入國之翌日起不得逾6個月；逾6個月者移民署不受理申請。如有任何疑問，請洽兵調體檢科，聯絡人：洪淑瑛，聯絡電話：23654361分機112，臺北市民當家熱線：1999。 ,808.0,113-01-02 16:18,113-01-02 16:18,臺北市政府兵役局
2024-01-11 15:40:43,https://docms.gov.taipei/News_Content.aspx?n=03317D8229965B64&sms=87415A8B9CE81B16&s=EF6ECC8483778A8A,●大陸就學：「就讀大陸地區臺商學校之役男，在該等學校就學期間，返臺後可否申請再出境前往大陸地區完成學業？」, 就讀大陸地區經我教育部備案設立之臺商學校（華東、東莞、上海等3所臺商高中）之役齡男子，於該等學校就學期間，返臺後准予檢具由就讀學校出具之在學證明(由就讀學校核蓋業經驗證章)及護照正本，直接向移民署各縣市服務站申請再出境，前往大陸地區繼續完成學業；惟就讀臺商學校畢業後之入出境，應依兵役法施行法第48條第3項及役男出境處理辦法第5條第4項之規定辦理(請參閱上述出境大陸地區或國外就學規定)。如有任何疑問，請洽兵調體檢科，聯絡人：洪淑瑛，聯絡電話：23654361分機112，臺北市民當家熱線：1999。 ,817.0,113-01-02 16:17,113-01-02 16:17,臺北市政府兵役局
2024-01-11 15:40:43,https://docms.gov.taipei/News_Content.aspx?n=03317D8229965B64&sms=87415A8B9CE81B16&s=D8F329BC15A6C962,●國外就學：「出境國外就學役男返國探親或度假可停留多久？期限屆滿後可否延期？」, (一)返國期限每次不得逾3個月。(二)停留期限屆滿，須延期出境者，依下列規定向移民署各縣市服務站辦理，最長不得逾3個月：1.因重病、意外災難或其他不可抗力之特殊事故，檢附就醫醫院診斷證明書及相關證明，申請延期出國。2.因就讀學校尚在連續假期間，應檢附經驗證之就讀學校所開具之假期期間證明(請學校寫明開學日)，申請延期出國。3.在國內停留期間最長自入國之翌日起不得逾6個月；逾6個月者移民署不受理申請。如有任何疑問，請洽兵調體檢科，聯絡人：洪淑瑛，聯絡電話：23654361分機112，臺北市民當家熱線：1999。 ,2750.0,113-01-02 16:16,113-01-02 16:16,臺北市政府兵役局
2024-01-11 15:40:43,https://docms.gov.taipei/News_Content.aspx?n=03317D8229965B64&sms=87415A8B9CE81B16&s=1340C5B486F46906,●國外就學：「原在國內學校就學之役男，於19歲(含)以後第1次申請出境國外就學，應準備哪些證明文件？向哪個機關申請？應填申請書表格式？處理時限？」, (一)檢附赴國外就讀經當地國教育主管機關立案之高中以上學歷學校(含語文學校)出具之入學許可(如非英文請加附中文譯本，皆可免驗證)及護照正本；高中以上大學以下學歷者(含語文學校)至24歲、研究所碩士班至27歲，博士班至30歲。(其餘學歷及年齡順延規定請參考前述)(二)於開學前3個月內向移民署各縣市服務站提出申請。(臺北市服務站：臺北市廣州街15號)(三)臨櫃填寫役男出國申請書。(四)上班時間內「隨到隨辦」。如有任何疑問，請洽兵調體檢科，聯絡人：洪淑瑛，聯絡電話：23654361分機112，臺北市民當家熱線：1999。 ,1751.0,113-01-02 16:15,113-01-02 16:15,臺北市政府兵役局
2024-01-11 15:40:43,https://docms.gov.taipei/News_Content.aspx?n=03317D8229965B64&sms=87415A8B9CE81B16&s=BC3FCCF3EB4B3A4A,●國外就學：「兵役法施行法第48條第1項第5款所指的國外學校，是否包括語文學校、先修班或社區學院的語言班？」, 「國外學校」係指當地國教育主管機關立案之高中以上學歷學校(含語文學校）或國外的大學、專科的學校或獨立學院(含語言班、先修班)。如有任何疑問，請洽兵調體檢科，聯絡人：洪淑瑛，聯絡電話：23654361分機112，臺北市民當家熱線：1999。 ,1436.0,113-01-02 16:14,113-01-02 16:14,臺北市政府兵役局
2024-01-11 15:40:43,https://docms.gov.taipei/News_Content.aspx?n=03317D8229965B64&sms=87415A8B9CE81B16&s=B153C29A64FAA58C,●大陸就學：「經核准赴大陸地區投資之臺商或其員工之子，在大陸地區就讀，返臺後應如何辦理再出境至大陸地區就學？要提憑哪些證明文件？向哪個機關申請？應填申請書表格式？處理時限？」, (一)役男申請再出境至大陸地區繼續就學，應提憑：1.我經濟部投資審查委員會核准赴大陸地區投資的臺商公司證明及父或母在臺商公司之任職證明(任職證明需經大陸公證處公證及臺灣之海基會驗證)。2.在大陸地區修習學士、碩士或博士學位之在學證明【須經大陸公證處公證、臺灣海基會驗證】，及護照正本。(二)向移民署各縣市服務站申請再出境繼續就學。(三)臨櫃填寫役男出國申請書。(四)上班時間內「隨到隨辦」。如有任何疑問，請洽兵調體檢科，聯絡人：洪淑瑛，聯絡電話：23654361分機112，臺北市民當家熱線：1999。 ,2594.0,113-01-02 16:13,113-01-02 16:13,臺北市政府兵役局
2024-01-11 15:40:44,https://docms.gov.taipei/News_Content.aspx?n=03317D8229965B64&sms=87415A8B9CE81B16&s=B5429A21D801F65D,●出境就學：「未免除兵役義務之役男出境就學後，是否仍要返國履行兵役義務？役政單位如何處理其後續兵役問題？」, (一)兵役法並未規定役男出國後未返國就不必履行兵役義務，放寬出境就學並不代表役男因此不用返國履行兵役義務，且立法院外交及國防委員會103年3月31日第8屆第5會期第7次全體委員會議之臨時提案決議，有關役男赴國外或大陸地區就讀大學、研究所碩士班、博士班之人數應確實掌握。(二)役男出境就學後，役政單位會依其就讀學程(學士、碩士、博士)，通知其繳交在學證明文件，如其就學不符合就讀學歷及就學最高年齡限制規定者，役政單位將依「役男出境處理辦法」第13條規定，催告渠等於3個月內返國，如仍未返國接受徵兵處理者，將檢具相關證明文件，依妨害兵役治罪條例規定，移送法辦，以維護兵役制度之公平。如有任何疑問，請洽兵調體檢科，聯絡人：洪淑瑛，聯絡電話：23654361分機112，臺北市民當家熱線：1999。  ,2427.0,113-01-02 16:12,113-01-02 16:12,臺北市政府兵役局
2024-01-11 15:40:44,https://docms.gov.taipei/News_Content.aspx?n=03317D8229965B64&sms=87415A8B9CE81B16&s=64D4EDECEEECAA52,●大陸就學：「我國男子出境至大陸地區就學，要符合的學歷及年齡條件？」, (一)必須是就讀學士、碩士或博士學位(專科及高中以下學歷皆不符規定)。(二)不具備臺商(或臺商員工）之子身分者：應就讀中華民國教育部所採認之大陸地區大學校院正式學歷學校及科系，且須於99年9月3日學歷採認生效後入學就讀。(三)具備臺商(或臺商員工）之子身分者：就讀上述學校或大陸地區教育主管機關立案之學歷學校皆可(即非就讀我教育部學歷採認生效之校系亦可)。(四)大學至24歲、研究所碩士班至27歲，博士班至30歲。但大學學制超過4年者，每增加1年，得延長就學最高年齡1歲，畢業後接續就讀碩士班、博士班者，均得順延就學最高年齡，其順延博士班就讀最高年齡，以33歲為限。以上均計算至當年12月31日止。如有任何疑問，請洽兵調體檢科，聯絡人：洪淑瑛，聯絡電話：23654361分機112，臺北市民當家熱線：1999。 ,878.0,113-01-02 16:11,113-01-02 16:11,臺北市政府兵役局
2024-01-11 15:40:44,https://docms.gov.taipei/News_Content.aspx?n=03317D8229965B64&sms=87415A8B9CE81B16&s=55968327958841B1,●大陸就學：「原在國內學校就學之役男，於19歲(含)以後第1次申請出境至大陸地區就學，應準備哪些證明文件？向哪個機關申請？應填申請書表格式？處理時限？」, (一)應備證明文件(具下列條件之一)：1.就讀我教育部所採認之大陸地區大學校院正式學歷學校及科系者：檢附入學許可(可免驗證)2.以臺商(或臺商員工）之子身分就學者:(1)我經濟部投資審查委員會核准赴大陸地區投資的證明(經濟部投審會核准函正本，驗畢歸還)及父或母在臺商公司之任職證明(任職證明需經大陸公證處公證及臺灣海基會驗證)。(2)就讀大陸地區教育主管機關立案之學歷學校入學許可(可免驗證)。(二)於開學前3個月內向移民署各縣市服務站提出申請。(三)臨櫃填寫役男出國申請書。(四)上班時間內「隨到隨辦」。如有任何疑問，請洽兵調體檢科，聯絡人：洪淑瑛，聯絡電話：23654361分機112，臺北市民當家熱線：1999。 ,949.0,113-01-02 16:10,113-01-02 16:10,臺北市政府兵役局
2024-01-11 15:40:44,https://docms.gov.taipei/News_Content.aspx?n=03317D8229965B64&sms=87415A8B9CE81B16&s=0505CF6276725DFF,●國外就學：「役齡前或19歲之年以後出境在國外就學役男返國後申請再出境，要提憑哪些證明文件？向哪個機關申請？應填申請書表格式？處理時限？」, (一)檢附經我駐外館處驗證之已在國外學校就讀且符合就讀學歷及年齡規定之「在學證明」(如非英文請加附經驗證之中文譯本)及護照正本。大學以下至24歲、碩士班至27歲、博士班至30歲。均計算至當年12月31日止。(其餘學歷及年齡順延規定請參考前述) (二)向移民署各縣市服務站提出申請。 (三)填寫役男出國申請書。 (四)上班時間內「隨到隨辦」。如有任何疑問，請洽兵調體檢科，聯絡人：洪淑瑛，聯絡電話：23654361分機112，臺北市民當家熱線：1999。 ,2622.0,112-12-28 17:12,112-12-28 17:12,臺北市政府兵役局
2024-01-11 15:40:44,https://docms.gov.taipei/News_Content.aspx?n=03317D8229965B64&sms=87415A8B9CE81B16&s=7E610F058B035EFE,●國外就學：「我國男子出境國外（含香港、澳門）就學，要符合的學歷及年齡條件？」, 高中以上大學以下學歷（含語文學校）者至24歲、研究所碩士班至27歲，博士班至30歲；但大學學制超過4年者，每增加1年，得延長就學最高年齡1歲，畢業後接續就讀碩士班、博士班者，均得順延就學最高年齡，其順延博士班就讀最高年齡，以33歲為限。以上均計算至當年12月31日止。(例:94年次王男就讀美國某大學建築系學制5年，則其大學可以就讀至25歲，研究所至28歲，博士班至31歲，以此類推。惟請注意，只有大學學制延長才可以往後順延喔！)如有任何疑問，請洽兵調體檢科，聯絡人：洪淑瑛，聯絡電話：23654361分機112，臺北市民當家熱線：1999。 ,1488.0,112-12-15 17:30,112-12-15 17:30,臺北市政府兵役局
2024-01-11 15:40:44,https://docms.gov.taipei/News_Content.aspx?n=03317D8229965B64&sms=87415A8B9CE81B16&s=C7F84E611AEB327A,●役男出境：「國內在學或未在學役男，可否短期出國觀光？應如何辦理？須準備之證件？出國可以多長的時間？」, 國內在學或未在學役男，只要是未被限制出境，皆可依役男出境處理辦法第4條第1項第7款規定申請短期出境。(不含同條第1至6款奉派出國表演比賽或當交換學生及出境就學等情形）(一)申辦時間：應於出境日前1個月內提出申請(例：王男欲於113年1月1日出國觀光，其應於112年12月1日(含)以後提出申請。)(二)申辦方式： 　　1.線上申辦：請至（役男線上申請短期出境）網站申請出境，並列印出役男短期出境核准通知單後持憑出境，免再臨櫃辦理。 　　2.臨櫃申請：無法利用線上系統申請時，請於週一至週五上班時間內（例假日不受理）至全國任一鄉（鎮、市、區）公所兵役單位臨櫃辦理。(三)申請人應備證件： 　　1.線上申辦：免附證件 　　2.臨櫃申辦：          (1)役男本人申請：役男護照正本、國民身分證及印章。 (2)委託他人申請：除攜帶役男護照正本、國民身分證及印章外，受託人亦需備妥國民身分證及印章。受委託人應年滿20歲，委託人未滿20歲，委託書應經其監護人簽章。(由役男之直系血親、配偶或成年之兄弟姊妹代為申請者免附委託書)四、出境期限：經核准出境者，每次出境最長時間不得超過4個月。如有任何疑問，請洽兵調體檢科，聯絡人：洪淑瑛，聯絡電話：23654361分機112，臺北市民當家熱線：1999。 ,66697.0,112-12-15 17:40,112-12-15 17:40,臺北市政府兵役局
2024-01-11 15:40:45,https://docms.gov.taipei/News_Content.aspx?n=03317D8229965B64&sms=87415A8B9CE81B16&s=E3E2B671E5587125,●役男出境：「是否到達19歲徵兵及齡的男生，如果想要出國的話，都要先辦理申請出境手續？」, 依役男出境處理辦法第2條規定，役男自19歲到36歲役齡內，如尚未履行兵役義務欲出國者，都要先依役男出境處理辦法規定，申請核准出境。如有任何疑問，請洽兵調體檢科，聯絡人：洪淑瑛，聯絡電話：23654361分機112，臺北市民當家熱線：1999。 ,11671.0,113-01-02 16:28,113-01-02 16:28,臺北市政府兵役局
2024-01-11 15:40:45,https://docms.gov.taipei/News_Content.aspx?n=03317D8229965B64&sms=87415A8B9CE81B16&s=BB1A348B12F5E214,●僑民服役：「持外國護照入境之歸國僑民，是否不受中華民國相關之兵役法令約束？」, 依現行「歸化我國國籍者及歸國僑民服役辦法」第5條第1項規定：持外國護照入境之歸國僑民，具有役齡男子身分者，適用本辦法有關歸國僑民之規定。又依「役男出境處理辦法」第14條規定：在臺原有戶籍兼有雙重國籍之役男，應持中華民國護照入出境；其持外國護照入境，依法仍應徵兵處理者，應限制其出境至履行兵役義務時止。（須依法補行徵兵處理，並履行完成兵役義務後，始得解除其限制。）如有任何疑問，請洽兵調體檢科，聯絡人：蕭雅綺，聯絡電話：23654361分機111，臺北市民當家熱線：1999。  ,13616.0,112-09-11 09:11,112-10-23 08:32,臺北市政府兵役局
2024-01-11 15:40:45,https://docms.gov.taipei/News_Content.aspx?n=03317D8229965B64&sms=87415A8B9CE81B16&s=3A165417114379CD,●僑民役男：「有關僑民役男在國內居住尚未屆滿1年，或歸化我國國籍者、大陸地區、香港、澳門來臺役男尚未設籍滿1年，可否提前辦理徵兵處理？」, 依「歸化我國國籍者及歸國僑民服役辦法」第2條規定，歸化我國國籍之役齡男子，自初設戶籍登記之翌日起，屆滿1年時，依法辦理徵兵處理。同辦法第3條規定，原有戶籍國民具僑民身分之役齡男子，自返回國內之翌日起，屆滿1年時，依法辦理徵兵處理。無戶籍國民具僑民身分之役齡男子，自返回國內初設戶籍登記之翌日起，屆滿1年時，依法辦理徵兵處理。另依「徵兵規則」第39條規定，大陸地區、香港、澳門來臺之役男，自初設戶籍登記之翌日起，於屆滿1年後，依法辦理徵兵處理。惟依內政部役政署102年6月19日役署徵字第1025022732號函釋略以：「依徵兵規則及歸化我國國籍者及歸國僑民服役辦法規定，有關僑民役男在臺居住屆滿1年，或歸化我國國籍者、大陸地區、香港、澳門來臺役男初設戶籍屆滿1年，始須辦理徵兵處理，但渠等倘以放棄居住或設籍屆滿1年之適應期權益，切結申請志願提前接受徵兵處理，為衡酌其生涯規劃因素考量，得予以受理，並依檢查結果判定體位。」準此，前述徵兵處理條件尚未成就，但切結申請志願提前辦理徵兵處理之役男，均得依徵兵檢查結果判定體位並續辦理徵兵處理事宜。 如有任何疑問，請洽兵調體檢科，聯絡人：蕭雅綺，聯絡電話：23654361分機111，臺北市民當家熱線：1999。 ,5489.0,112-09-11 14:20,112-10-23 08:32,臺北市政府兵役局
2024-01-11 15:40:45,https://docms.gov.taipei/News_Content.aspx?n=03317D8229965B64&sms=87415A8B9CE81B16&s=3D10F001D7CB1E5A,●僑民役男：「歸國僑民及原具香港、澳門地區僑民身分之役男，依法尚不須辦理徵兵處理者，如何申辦出境？」, 僑民役男在臺居住未屆滿1年者，應檢附已加簽僑居身分護照或僑委會出具之有效僑民身分證明、護照正本等相關證明，向內政部移民署申請出境核准；又香港、澳門來臺役男在臺設戶籍未屆滿1年者，應檢附初次設戶籍之戶籍謄本、身分證影本、護照正本等相關證明，向內政部移民署申請出境核准。 如有任何疑問，請洽兵調體檢科，聯絡人：蕭雅綺，聯絡電話：23654361分機111，臺北市民當家熱線：1999。 ,3730.0,112-09-11 09:15,112-10-23 08:32,臺北市政府兵役局
2024-01-11 15:40:45,https://docms.gov.taipei/News_Content.aspx?n=03317D8229965B64&sms=87415A8B9CE81B16&s=3077AD52237D7ADB,●役男出境：「役男申辦出境時所繳附的文件，如果是在國外、大陸地區、香港或澳門製作的話，是否須另附中文譯本並經驗證機構驗證？」, (一)依役男出境處理辦法第11條規定，役男申辦出境所繳附之文件，如果是在國外、香港或澳門製作者，中、外文本均應經我駐外使領館、代表處、辦事處、行政院在香港或澳門設立或指定機構或委託之民間團體驗證；其在大陸地區製作者，應經大陸公證處公證及臺灣海基會驗證。 (二)前項文件如非英文請附經驗證之中文譯本。如有任何疑問，請洽兵調體檢科，聯絡人：洪淑瑛，聯絡電話：23654361分機112，臺北市民當家熱線：1999。 ,2872.0,113-01-02 16:30,113-01-02 16:30,臺北市政府兵役局
2024-01-11 15:40:46,https://docms.gov.taipei/News_Content.aspx?n=03317D8229965B64&sms=87415A8B9CE81B16&s=E6EA89796E03FEAC,●役男出境：「役男出境國外還未返國以前，可不可以委託他人申請再出境？」, 依役男出境處理辦法第6條規定，役男已出境尚未返國前，不得委託他人申請再出境。所以出境國外之役男，必須入境返回國內後，才可以再申請辦理出境。 如有任何疑問，請洽兵調體檢科，聯絡人：洪淑瑛，聯絡電話：23654361分機112，臺北市民當家熱線：1999。 ,2831.0,113-01-02 16:29,113-01-02 16:29,臺北市政府兵役局
2024-01-11 15:40:46,https://docms.gov.taipei/News_Content.aspx?n=03317D8229965B64&sms=87415A8B9CE81B16&s=644D3397A3C53BA3,●兵員徵集：「役男於接獲徵集令後，如有特殊事故無法入營時，應如何處理？」, 1.應徵役男在徵集入營前，如有合於延期入營事故表所列原因，不能如期入營者，得由本人或有行為能力之家屬填具申請書檢附有關證明，向戶籍地鄉（鎮、市、區）公所兵役單位申請延期徵集；其有顯著病變，合於體位區分標準表體位未定、替代役體位或免役體位標準者，可另行檢附醫療機構診斷證明申請改判體位。 2.除前項事故外，入營當日於集合地點再作一次目視檢查，倘發現役男體位有顯著不合格或嚴重疾病者，即予停止護送入營，並主動辦理後續複檢或延期徵集入營事宜。 3.如「病狀不顯著」且提不出醫療機構相關診斷證明書之役男，仍應遵照規定入營，由新訓中心予以複檢，決定是否收訓或辦理驗退、停止訓練。如有任何疑問，請電洽徵集勤務科：23654361分機210，聯絡人：林麗雲，臺北市民當家熱線：1999。 ,3572.0,111-11-02 15:53,112-10-23 08:30,臺北市政府兵役局
2024-01-11 15:40:46,https://docms.gov.taipei/News_Content.aspx?n=03317D8229965B64&sms=87415A8B9CE81B16&s=08F25B139877BF3B,●兵員徵集：「現行常備兵役軍事訓練役期多久？可否折減訓練時數？」, 1.依兵役法第16條之規定，常備兵役區分為現役、軍事訓練及後備役。 2.常備兵役軍事訓練接受4個月軍事訓練，期滿結訓。 3.常備兵役軍事訓練期間，其曾於高級中等以上學校修習且成績合格之全民國防教育軍事訓練課程（以8堂課折算1日，不得逾15日），得折減軍事訓練時數。如有任何疑問，請電洽徵集勤務科：23654361分機210，聯絡人：林麗雲，臺北市民當家熱線：1999。 ,4763.0,111-11-02 15:50,112-10-23 08:30,臺北市政府兵役局
2024-01-11 15:40:46,https://docms.gov.taipei/News_Content.aspx?n=03317D8229965B64&sms=87415A8B9CE81B16&s=C27EE54D75FA8F8E,●傷病住院：「市府對本市籍役男服役期間因傷（病）住院時有何慰助措施？」," 本市義務役役男暨於本府各機關服勤之替代役役男，因傷病住院達3日以上者，依軍醫院通報或檢具住院證明提出申請，符合規定者，即派員到院慰問致贈住院慰問金3,000元，並致送市長慰問信函，以表達關懷慰助之意。  如有任何疑問，請洽兵役局權益編管科，聯絡人：陳怡如，聯絡電話：23654361分機310，臺北市民當家熱線：1999。 ",2723.0,111-10-03 15:32,112-10-23 08:30,臺北市政府兵役局
2024-01-11 15:40:46,https://docms.gov.taipei/News_Content.aspx?n=03317D8229965B64&sms=87415A8B9CE81B16&s=43EF8972C4FAE29C,●替代役申請：「宗教因素如何申請服替代役？處理程序為何？」, 1.申請條件：役男因信仰宗教達2年以上，且其心理狀態已不適服常備兵役者，得申請服替代役。  2.應檢附之資料： （1）申請書。 （2）調查審核表。 （3）自傳。 （4）理由書。 （5）切結書。 （6）政府登記立案之宗教團體出具之證明文件。 3. 處理程序： （1）戶籍地區公所受理役男或家屬申請案件時，5日內將初審資料陳報直轄市、縣（市）政府複審。 （2）直轄市、縣（市）政府收到前揭申請案件時，10日內完成複審，並將該案件陳報內政部役政署核定。 （3）內政部役政署收到前揭申請案件時，於3個月內召開審議委員會完成審議，其審議結果於15日內函知直轄市、縣（市）政府及役男本人。 如有任何疑問，請洽徵集勤務科，聯絡人：黃振紋，聯絡電話：23654361分機220，臺北市民當家熱線：1999。  ,4295.0,110-10-18 16:58,112-10-23 08:31,臺北市政府兵役局
2024-01-11 15:40:47,https://docms.gov.taipei/News_Content.aspx?n=03317D8229965B64&sms=87415A8B9CE81B16&s=0FD6225C1FCE0C5C,●替代役管理：「一般替代役役男服役期間是否為上下班制？」, 依一般替代役役男訓練服勤管理辦法之規定，替代役役男得由需用機關視業務需要採集中或個別住宿；分發臺北市政府服勤之役男，服勤完畢應在替代役中心集中住宿，備勤待命，非經許可不得擅離宿所；只有因家庭因素服替代役者才得返家住宿。 如有任何疑問，請電洽替代役中心：23649747，承辦人:余文。或臺北市民當家熱線：1999。 ,4636.0,110-10-05 15:34,112-10-23 08:31,臺北市政府兵役局
2024-01-11 15:40:47,https://docms.gov.taipei/News_Content.aspx?n=03317D8229965B64&sms=87415A8B9CE81B16&s=E9C56FE90A519892,●軍墓管理：「臺北市軍人公墓目前是否提供土葬或樹葬服務？」, 本市軍人公墓自89年7月1日起，已廢止土葬；樹葬園區於95年9月1日啟用。 如有任何疑問，請洽兵役局權益編管科軍墓股，聯絡人：葉雯俐，聯絡電話：27851686分機17，臺北市民當家熱線：1999。 ,3056.0,110-07-06 11:50,112-10-23 08:30,臺北市政府兵役局
2024-01-11 15:40:47,https://docms.gov.taipei/News_Content.aspx?n=03317D8229965B64&sms=87415A8B9CE81B16&s=870C32A5170A263D,●軍墓管理：「是否有小型公車上山至臺北市軍人公墓忠靈堂？」, 目前本府公共運輸處無此路線，但清明節掃墓期間，於服務中心有免費接駁公車往返忠靈堂。 如有任何疑問，請洽兵役局權益編管科軍墓股，聯絡人：葉雯俐，聯絡電話：27851686分機17，臺北市民當家熱線：1999。   ,3179.0,110-07-06 11:49,112-10-23 08:30,臺北市政府兵役局
2024-01-11 15:40:47,https://docms.gov.taipei/News_Content.aspx?n=03317D8229965B64&sms=87415A8B9CE81B16&s=1CA40FF32593107C,●軍墓管理：「臺北市軍人公墓可否持香入納骨室？家屬祭拜時，骨灰櫃否可開啟？」, 軍人公墓忠靈堂大廳及納骨室內，不可持香祭拜，祭香須插於室外香爐；軍人公墓骨灰櫃自95年7月1日起已全面停止開櫃服務。 如有任何疑問，請洽兵役局權益編管科軍墓股，聯絡人：葉雯俐，聯絡電話：27851686分機17，臺北市民當家熱線：1999。 ,2423.0,110-07-06 11:48,112-10-23 08:31,臺北市政府兵役局
2024-01-11 15:40:47,https://docms.gov.taipei/News_Content.aspx?n=03317D8229965B64&sms=87415A8B9CE81B16&s=C9A91FDC33E75BA4,●意外救助：「市府對本市籍役男暨服勤本府各機關替代役役男，於服役（勤）期間發生意外事故，有何救助措施？」, 對設籍本市之義務役常備官、士、兵及替代役役男（或籍設外縣市於本市服勤之替代役役男），於服役期間因事故造成重大傷亡者，本局於接獲單位通報或媒體訊息，即派員慰問其家屬，並致送及時慰問金。俟接獲國防部（常備役）或內政部（替代役）事故通報函後，派員致送一次慰問金，以表達市府關懷慰助誠意。如有任何疑問，請洽兵役局權益編管科，聯絡人：羅巧瑞，聯絡電話：23654361分機321，臺北市民當家熱線：1999。 ,2744.0,105-07-15 14:52,112-10-23 08:30,臺北市政府兵役局
2024-01-11 15:40:47,https://docms.gov.taipei/News_Content.aspx?n=03317D8229965B64&sms=87415A8B9CE81B16&s=8A36D524A2E155A4,●軍人保險：「義務役役男服役期間有無意外保險？內容如何？」, 一、兵役局為照顧役男入營輸送當天之安全保障，向保險公司投保「臺北市徵集役男入營輸送期間團體保險」，每人保險金額為新臺幣200萬元。二、義務役常備官、士、兵意外事故發生，依軍人保險條例，由國防部主管，分死亡、殘廢二種給付；給付金額係按作戰、因公、病故或意外等原因及年資、階級予以核算保險基數而定。三、另一種是國防部投保「國軍官兵團體意外保險」，分為執行公務死亡者最高理賠金額新臺幣350萬元，非執行公務死亡者理賠金額新臺幣200萬元。四、替代役役男則依替代役實施條例，享有「替代役役男一般保險」及「替代役役男團體意外保險」，其主管單位為內政部，其保險內容及給付與「軍人保險」及「國軍官兵團體意外保險」相同。如有任何疑問，請洽兵役局權益編管科，聯絡人：羅巧瑞，聯絡電話：23654361分機321，臺北市民當家熱線：1999、國防部後備司令部留守業務處保險組02-27867350、內政部役政署權益組保險科0800-491022。 ,11843.0,105-07-15 14:51,112-10-23 08:30,臺北市政府兵役局
2024-01-11 15:40:48,https://docms.gov.taipei/News_Content.aspx?n=03317D8229965B64&sms=87415A8B9CE81B16&s=0827A8EEE0623DFB,●權益編管：「榮民及其配偶或現役軍人或臺北市市民是否可申請安厝臺北市軍人公墓？安厝是否收費？」, 榮民、現役軍人及其配偶須往生後始可申請，但應為合法配偶，並以1人為限。安厝對象為亡故六十日內之榮民、現役軍人及其配偶，臺北市市民不可以申請安厝。 申請後，需於一個月內持安厝通知單辦理。安厝完全免費。如仍有任何疑問，請電洽權益編管科軍墓股：27851686分機14，臺北市民當家熱線1999。 ,2787.0,105-07-15 14:50,112-10-23 08:30,臺北市政府兵役局
2024-01-11 15:40:48,https://docms.gov.taipei/News_Content.aspx?n=03317D8229965B64&sms=87415A8B9CE81B16&s=F6EA85F97DFBCAAB,●兵員徵集：「補充兵的訓期多久？什麼情況下可以折抵補充兵役軍事訓練？」, 1.依現行規定，補充兵役須接受為期12天之軍事訓練，但曾受軍訓課程、大專集訓及常備兵在營日期，均不得折抵補充兵役訓期。 2.按兵役法施行法第17條之規定，應徵服補充兵役，而有下列情形之一者，由國防部發給證明書： （1）在入營前曾受軍事訓練，或已修得相當於補充兵應有之軍職專長，經國防部所屬權責單位檢定合格。 （2）兵役法第20條之1第2項規定之已訓補充兵。3.另依補充兵役役男軍事訓練及檢定作業要點第3點：下列人員得檢具證明文件向戶籍地鄉（鎮、市、區）區公所申請，由戶籍地直轄市、縣（市）政府列冊並檢附證明文件，函送戶籍地直轄市、縣（市）後備指揮部（服務中心）辦理檢定，合格者層報地區後備指揮部發給補充兵證明書，免予徵集入營施以軍事訓練： （1）曾受各軍事學校新生入伍訓練結訓，持有退學或開除學籍通知書者。 （2）曾受預備軍官、預備士官基礎教育，不分軍種兵科，訓練時間滿該訓練梯次8週（56天）以上，持有退訓證明書者。 （3）曾受常備兵新兵入伍訓練結訓，持有停役令者。 （4）曾受第一階段常備兵役軍事訓練結訓，持入伍訓練結訓證書者。 （5）替代役役男軍事基礎訓練結訓，持施訓單位結訓證明文件者。如有任何疑問，請電洽徵集勤務科：23654361分機213，聯絡人：周淑慧，臺北市民當家熱線：1999。    ,40748.0,112-05-24 11:09,112-10-23 08:30,臺北市政府兵役局
2024-01-11 15:40:48,https://docms.gov.taipei/News_Content.aspx?n=03317D8229965B64&sms=87415A8B9CE81B16&s=54C19454FF153111,●役男抽籤：「役男如何參加軍種抽籤？而抽籤後何時可入營服役？」, 一、按抽籤通知書指定之日期、時間與地點，攜帶該通知書、國民身分證及私章等前往抽籤。未能到場者，得委託有行為能力之家屬代抽。役男未到場，亦未委託家屬代抽者，由主持人依規定代抽（法定代抽）。 二、抽籤後未在學者，按（1）出生年次（2）抽籤時間（3）抽中之軍種、籤號順序入營 。大概入營時間可向戶籍地區公所查詢。  如有任何疑問，請電洽徵集勤務科：23654361分機213，聯絡人：周淑慧，臺北市民當家熱線：1999。 ,28949.0,112-05-24 11:10,112-10-23 08:30,臺北市政府兵役局
2024-01-11 15:40:48,https://docms.gov.taipei/News_Content.aspx?n=03317D8229965B64&sms=87415A8B9CE81B16&s=80324DC435DBF987,●替代役管理：「替代役役男之身分定位為何？」, 一、替代役役男於訓練及服役期間，不具有軍人身分。 二、服替代役役男於完成訓練後，依其所服替代役類別之法令規定，執行勤務時，其身分符合刑法第10條所稱公務員之規定。 三、替代役役男之違法犯紀，依替代役實施條例之罰則及其他法律如刑法、民法及行政程序法處理。 如有任何疑問，請電洽替代役中心：23649747，承辦人:杜莉玲。或臺北市民當家熱線：1999。  ,12435.0,106-08-03 14:44,112-10-23 08:31,臺北市政府兵役局
2024-01-11 15:40:48,https://docms.gov.taipei/News_Content.aspx?n=03317D8229965B64&sms=87415A8B9CE81B16&s=D9F7D9EE4A8DF7AD,●替代役管理：「服替代役役男要接受哪些訓練？」, 一、基礎訓練：1週至4週。 二、專業訓練：1週至12週。以各分發服役類別不同而有各不同期間的專業訓練。 但因宗教因素服替代役者實施基礎訓練及專業訓練；其基礎訓練併同專業訓練，由需用機關辦理，為期3週至13週。  如有任何疑問，請電洽替代役中心：23649747，承辦人:杜莉玲。或臺北市民當家熱線：1999。   ,6962.0,108-03-20 17:12,112-10-23 08:31,臺北市政府兵役局
2024-01-11 15:40:49,https://docms.gov.taipei/News_Content.aspx?n=03317D8229965B64&sms=87415A8B9CE81B16&s=966286A76600C516,●替代役管理：「替代役之管理權責為何？」, 替代役之管理分為服勤紀律及勤餘生活管理兩方面，服勤時間由服勤處所負責，勤餘時間由替代役中心負責。一、服勤管理單位：役男服勤之職前訓練、勤務分配、差假、紀律、獎懲、役籍、薪餉名冊繕造與發放及服勤考核處理等事項。二、勤餘管理單位：替代役中心統籌役男勤餘住宿生活管理與輔導，訂定「臺北市替代役中心役男生活管理手冊」及役男生活作息表，以建立透明與人性化的管理制度，使住宿役男在安全、規律環境中，養成良好生活習慣，提高服勤成效。如有任何疑問，請電洽替代役中心：23649747，承辦人:杜莉玲。臺北市民當家熱線：1999。 ,7066.0,106-08-03 14:42,112-10-23 08:31,臺北市政府兵役局
2024-01-11 15:40:49,https://docms.gov.taipei/News_Content.aspx?n=03317D8229965B64&sms=87415A8B9CE81B16&s=FB392EC5CB9A6220,●僑民服役：「歸僑役男服役有無特別規定？與國內一般身分役男有何不同？」, 服兵役為國民應盡之義務，故歸國僑民亦無法以其身分特殊為由而免除其義務，惟政府為考量僑民返國後，在生活環境、工作、語言及習俗等方面，需經一段時間調適，故特別訂定「歸化我國國籍者及歸國僑民服役辦法」做為對歸僑役男辦理徵集服役之依據，依現行規定於返國居住時間屆滿1年時，即須接受兵役徵兵處理。 至於屆滿1年之計算以有下列情形之一者為準 （一）連續居住滿1年。 （二）民國73年次以前出生之役齡男子，以居住逾4個月達3次者為準。 （三）民國74年次以後出生之役齡男子，以曾有2年，每年1月1日至12月31日期間累積居逾183日為準。 換言之，其與國內一般身分役男相同，均負有服兵役之義務，只是在徵兵處理條件成就的時間上不同而已。如有任何疑問，請洽兵調體檢科，聯絡人：蕭雅綺，聯絡電話：23654361分機111，臺北市民當家熱線：1999。  ,8733.0,112-09-11 09:18,112-10-23 08:32,臺北市政府兵役局
2024-01-11 15:40:49,https://docms.gov.taipei/News_Content.aspx?n=03317D8229965B64&sms=87415A8B9CE81B16&s=DD92C9946DC7588A,●僑民服役：「僑民役男在國內居留逾183日如何計算？」, 例如：某僑民役男77年次，係於役齡前（80年12月5日）出境，屆役齡後返國，95年累積在臺居住計99日、96年累積在臺居住計91日，95年、96年合計在臺居住190日，倘非「連續居住滿1年」之情形，則應以按其居住在臺之各年度（每年1月1日至12月31日）計算有無逾183日，若1年內未逾183日則不予計算該年度臺居住時間；倘屆役齡後曾有2個年度均已逾183日，即屬居住屆滿1年之計算，則應依法辦理徵兵處理。如有任何疑問，請洽兵調體檢科，聯絡人：蕭雅綺，聯絡電話：23654361分機111，臺北市民當家熱線：1999。 ,10522.0,112-09-11 09:24,112-10-23 08:32,臺北市政府兵役局
2024-01-11 15:40:49,https://docms.gov.taipei/News_Content.aspx?n=03317D8229965B64&sms=87415A8B9CE81B16&s=C6D15A025E512B93,●僑民服役：「具有雙重國籍是否還要服役？」, 依我國憲法第20條及兵役法第1條規定，凡具有中華民國國籍之役齡男子皆有服兵役之義務。基於依法行政，具雙重國籍的役齡男子在臺灣仍有服兵役之義務，均應接受兵役相關法令規範。 另並非具有雙重國籍即當然為「僑民」，如不具僑民身分，即屬國內一般役男身分。如有任何疑問，請洽兵調體檢科，聯絡人：蕭雅綺，聯絡電話：23654361分機111，臺北市民當家熱線：1999。  ,31270.0,112-09-11 09:26,112-10-23 08:31,臺北市政府兵役局
2024-01-11 15:40:49,https://docms.gov.taipei/News_Content.aspx?n=03317D8229965B64&sms=87415A8B9CE81B16&s=19757922D1CBAB29,●僑民服役：「如何取得僑民身分及應如何認定？」, 有關我國之僑民身分，應經申請取得，並非具有雙重國籍即當然為「僑民」，如不具僑民身分，即屬國內一般役男身分。僑民身分之申請取得，在國外，以向我國駐外館處申請中華民國護照「僑居身分加簽」證明；在國內，可向僑務委員會申請「役政用華僑身分證明書」證明，並憑以向外交部領事事務局申請中華民國護照「僑居身分加簽」證明。凡持有「役政用華僑身分證明書」或「僑居身分加簽之中華民國護照」之役齡男子，即為僑民役男。如有任何疑問，請洽兵調體檢科，聯絡人：蕭雅綺，聯絡電話：23654361分機111，臺北市民當家熱線：1999。  ,13850.0,112-09-11 09:27,112-10-23 08:31,臺北市政府兵役局
2024-01-11 15:40:50,https://docms.gov.taipei/News_Content.aspx?n=03317D8229965B64&sms=87415A8B9CE81B16&s=3A9FA17AADFA303B,●僑民服役：「歸國僑民之男子返國就學者，其兵役問題如何處理？」, （一）在符合緩徵條件之期間，返國就學不列入居住時間計算，但在離開學校（休學、退學或畢業）之後，就必須依規定計算在臺居留時間，於居住屆滿1年時，依法辦理徵兵處理。但於國外高級中等以上學校畢業，再返國就讀相同等級或低於原等級學校者，因並不符合在學緩徵條件，仍計算在臺居留時間。  （二）為配合政府僑教政策，凡具僑民身分之役男，經依規定輔導回國就學者，其在就讀國立臺灣師範大學僑生先修部期間，得不計算其在臺居住時間。如有任何疑問，請洽兵調體檢科，聯絡人：蕭雅綺，聯絡電話：23654361分機111，臺北市民當家熱線：1999。  ,7608.0,112-09-11 09:28,112-10-23 08:32,臺北市政府兵役局
